Benchmark,InputData,Data,DataID,Kernel,Memory Frequency,SOL FB,Elapsed Cycles,SM Frequency,Memory [%],Duration,SOL L2,SM Active Cycles,SM [%],SOL TEX,Block Size,Grid Size,Registers Per Thread,Shared Memory Configuration Size,Dynamic Shared Memory Per Block,Static Shared Memory Per Block,Threads,Waves Per SM,Block Limit SM,Block Limit Registers,Block Limit Shared Mem,Block Limit Warps,Achieved Active Warps Per SM,Achieved Occupancy,Theoretical Active Warps per SM,Theoretical Occupancy,variant,BeginAddr,EndAddr,DataSize,CPUPageFault,GPUPagePault,HtoD,DtoH,RemoteMap
cfd,097K,h_areas,0,cuda_compute_step_factor,768683274.02,46.47,10251,1138271055.75,46.47,8992,13.61,8038.12,22.48,11.33,192,506,20,0,0,0,97152,0.63,32,14,32,10,30.72,48.0,60,93.75,111,0x7fd202000000,0x7fd20205ee00,388608,3,11,512.0,0.0,0.0
cfd,097K,h_elements_surrounding_elements,1,cuda_compute_step_factor,768683274.02,46.47,10251,1138271055.75,46.47,8992,13.61,8038.12,22.48,11.33,192,506,20,0,0,0,97152,0.63,32,14,32,10,30.72,48.0,60,93.75,111,0x7fd20205ee00,0x7fd2021da600,1554432,10,17,1536.0,0.0,0.0
cfd,097K,h_normals,2,cuda_compute_step_factor,768683274.02,46.47,10251,1138271055.75,46.47,8992,13.61,8038.12,22.48,11.33,192,506,20,0,0,0,97152,0.63,32,14,32,10,30.72,48.0,60,93.75,111,0x7fd202200000,0x7fd202672800,4663296,33,24,4556.0,0.0,0.0
cfd,097K,h_areas,0,cuda_compute_flux,872404485.05,34.41,49831,1289451827.24,34.41,38528,30.54,37603.9,26.02,28.81,192,506,60,0,0,0,97152,1.27,32,5,32,10,25.03,39.11,30,46.88,111,0x7fd202000000,0x7fd20205ee00,388608,3,11,512.0,0.0,0.0
cfd,097K,h_elements_surrounding_elements,1,cuda_compute_flux,872404485.05,34.41,49831,1289451827.24,34.41,38528,30.54,37603.9,26.02,28.81,192,506,60,0,0,0,97152,1.27,32,5,32,10,25.03,39.11,30,46.88,111,0x7fd20205ee00,0x7fd2021da600,1554432,10,17,1536.0,0.0,0.0
cfd,097K,h_normals,2,cuda_compute_flux,872404485.05,34.41,49831,1289451827.24,34.41,38528,30.54,37603.9,26.02,28.81,192,506,60,0,0,0,97152,1.27,32,5,32,10,25.03,39.11,30,46.88,111,0x7fd202200000,0x7fd202672800,4663296,33,24,4556.0,0.0,0.0
cfd,097K,h_areas,0,cuda_time_step,805194805.19,66.24,14764,1196117424.24,66.24,12320,21.59,11349.56,5.22,14.71,192,506,22,0,0,0,97152,0.63,32,14,32,10,34.09,53.26,60,93.75,111,0x7fd202000000,0x7fd20205ee00,388608,3,11,512.0,0.0,0.0
cfd,097K,h_elements_surrounding_elements,1,cuda_time_step,805194805.19,66.24,14764,1196117424.24,66.24,12320,21.59,11349.56,5.22,14.71,192,506,22,0,0,0,97152,0.63,32,14,32,10,34.09,53.26,60,93.75,111,0x7fd20205ee00,0x7fd2021da600,1554432,10,17,1536.0,0.0,0.0
cfd,097K,h_normals,2,cuda_time_step,805194805.19,66.24,14764,1196117424.24,66.24,12320,21.59,11349.56,5.22,14.71,192,506,22,0,0,0,97152,0.63,32,14,32,10,34.09,53.26,60,93.75,111,0x7fd202200000,0x7fd202672800,4663296,33,24,4556.0,0.0,0.0
cfd,097K,h_areas,0,cuda_compute_flux,881048387.1,33.09,51774,1301285282.26,33.09,39680,29.46,39758.1,27.25,27.44,192,506,60,0,0,0,97152,1.27,32,5,32,10,24.01,37.51,30,46.88,111,0x7fd202000000,0x7fd20205ee00,388608,3,11,512.0,0.0,0.0
cfd,097K,h_elements_surrounding_elements,1,cuda_compute_flux,881048387.1,33.09,51774,1301285282.26,33.09,39680,29.46,39758.1,27.25,27.44,192,506,60,0,0,0,97152,1.27,32,5,32,10,24.01,37.51,30,46.88,111,0x7fd20205ee00,0x7fd2021da600,1554432,10,17,1536.0,0.0,0.0
cfd,097K,h_normals,2,cuda_compute_flux,881048387.1,33.09,51774,1301285282.26,33.09,39680,29.46,39758.1,27.25,27.44,192,506,60,0,0,0,97152,1.27,32,5,32,10,24.01,37.51,30,46.88,111,0x7fd202200000,0x7fd202672800,4663296,33,24,4556.0,0.0,0.0
cfd,097K,h_areas,0,cuda_time_step,799212598.43,67.71,14494,1186365376.2,67.71,12192,21.99,11510.29,5.32,14.51,192,506,22,0,0,0,97152,0.63,32,14,32,10,33.93,53.02,60,93.75,111,0x7fd202000000,0x7fd20205ee00,388608,3,11,512.0,0.0,0.0
cfd,097K,h_elements_surrounding_elements,1,cuda_time_step,799212598.43,67.71,14494,1186365376.2,67.71,12192,21.99,11510.29,5.32,14.51,192,506,22,0,0,0,97152,0.63,32,14,32,10,33.93,53.02,60,93.75,111,0x7fd20205ee00,0x7fd2021da600,1554432,10,17,1536.0,0.0,0.0
cfd,097K,h_normals,2,cuda_time_step,799212598.43,67.71,14494,1186365376.2,67.71,12192,21.99,11510.29,5.32,14.51,192,506,22,0,0,0,97152,0.63,32,14,32,10,33.93,53.02,60,93.75,111,0x7fd202200000,0x7fd202672800,4663296,33,24,4556.0,0.0,0.0
cfd,097K,h_areas,0,cuda_compute_flux,881584362.14,33.76,50783,1301491769.55,33.76,38880,30.1,38880.47,26.32,27.88,192,506,60,0,0,0,97152,1.27,32,5,32,10,24.42,38.16,30,46.88,111,0x7fd202000000,0x7fd20205ee00,388608,3,11,512.0,0.0,0.0
cfd,097K,h_elements_surrounding_elements,1,cuda_compute_flux,881584362.14,33.76,50783,1301491769.55,33.76,38880,30.1,38880.47,26.32,27.88,192,506,60,0,0,0,97152,1.27,32,5,32,10,24.42,38.16,30,46.88,111,0x7fd20205ee00,0x7fd2021da600,1554432,10,17,1536.0,0.0,0.0
cfd,097K,h_normals,2,cuda_compute_flux,881584362.14,33.76,50783,1301491769.55,33.76,38880,30.1,38880.47,26.32,27.88,192,506,60,0,0,0,97152,1.27,32,5,32,10,24.42,38.16,30,46.88,111,0x7fd202200000,0x7fd202672800,4663296,33,24,4556.0,0.0,0.0
cfd,097K,h_areas,0,cuda_time_step,822418136.02,63.16,15549,1221623110.83,63.16,12704,20.49,11934.8,4.96,13.99,192,506,22,0,0,0,97152,0.63,32,14,32,10,33.91,52.99,60,93.75,111,0x7fd202000000,0x7fd20205ee00,388608,3,11,512.0,0.0,0.0
cfd,097K,h_elements_surrounding_elements,1,cuda_time_step,822418136.02,63.16,15549,1221623110.83,63.16,12704,20.49,11934.8,4.96,13.99,192,506,22,0,0,0,97152,0.63,32,14,32,10,33.91,52.99,60,93.75,111,0x7fd20205ee00,0x7fd2021da600,1554432,10,17,1536.0,0.0,0.0
cfd,097K,h_normals,2,cuda_time_step,822418136.02,63.16,15549,1221623110.83,63.16,12704,20.49,11934.8,4.96,13.99,192,506,22,0,0,0,97152,0.63,32,14,32,10,33.91,52.99,60,93.75,111,0x7fd202200000,0x7fd202672800,4663296,33,24,4556.0,0.0,0.0
cfd,097K,h_areas,0,cuda_compute_step_factor,806381118.88,43.8,10951,1193582459.21,43.8,9152,12.75,8344.74,21.54,10.91,192,506,20,0,0,0,97152,0.63,32,14,32,10,30.01,46.89,60,93.75,111,0x7fd202000000,0x7fd20205ee00,388608,3,11,512.0,0.0,0.0
cfd,097K,h_elements_surrounding_elements,1,cuda_compute_step_factor,806381118.88,43.8,10951,1193582459.21,43.8,9152,12.75,8344.74,21.54,10.91,192,506,20,0,0,0,97152,0.63,32,14,32,10,30.01,46.89,60,93.75,111,0x7fd20205ee00,0x7fd2021da600,1554432,10,17,1536.0,0.0,0.0
cfd,097K,h_normals,2,cuda_compute_step_factor,806381118.88,43.8,10951,1193582459.21,43.8,9152,12.75,8344.74,21.54,10.91,192,506,20,0,0,0,97152,0.63,32,14,32,10,30.01,46.89,60,93.75,111,0x7fd202200000,0x7fd202672800,4663296,33,24,4556.0,0.0,0.0
cfd,097K,h_areas,0,cuda_compute_flux,843037459.28,34.89,49003,1243786475.3,34.89,39296,31.06,39725.61,26.83,27.44,192,506,60,0,0,0,97152,1.27,32,5,32,10,23.43,36.6,30,46.88,111,0x7fd202000000,0x7fd20205ee00,388608,3,11,512.0,0.0,0.0
cfd,097K,h_elements_surrounding_elements,1,cuda_compute_flux,843037459.28,34.89,49003,1243786475.3,34.89,39296,31.06,39725.61,26.83,27.44,192,506,60,0,0,0,97152,1.27,32,5,32,10,23.43,36.6,30,46.88,111,0x7fd20205ee00,0x7fd2021da600,1554432,10,17,1536.0,0.0,0.0
cfd,097K,h_normals,2,cuda_compute_flux,843037459.28,34.89,49003,1243786475.3,34.89,39296,31.06,39725.61,26.83,27.44,192,506,60,0,0,0,97152,1.27,32,5,32,10,23.43,36.6,30,46.88,111,0x7fd202200000,0x7fd202672800,4663296,33,24,4556.0,0.0,0.0
cfd,097K,h_areas,0,cuda_time_step,801020408.16,65.76,14947,1188549638.61,65.76,12544,21.34,11664.88,5.18,14.31,192,506,22,0,0,0,97152,0.63,32,14,32,10,33.95,53.04,60,93.75,111,0x7fd202000000,0x7fd20205ee00,388608,3,11,512.0,0.0,0.0
cfd,097K,h_elements_surrounding_elements,1,cuda_time_step,801020408.16,65.76,14947,1188549638.61,65.76,12544,21.34,11664.88,5.18,14.31,192,506,22,0,0,0,97152,0.63,32,14,32,10,33.95,53.04,60,93.75,111,0x7fd20205ee00,0x7fd2021da600,1554432,10,17,1536.0,0.0,0.0
cfd,097K,h_normals,2,cuda_time_step,801020408.16,65.76,14947,1188549638.61,65.76,12544,21.34,11664.88,5.18,14.31,192,506,22,0,0,0,97152,0.63,32,14,32,10,33.95,53.04,60,93.75,111,0x7fd202200000,0x7fd202672800,4663296,33,24,4556.0,0.0,0.0
cfd,097K,h_areas,0,cuda_compute_flux,861365528.73,34.87,49032,1272251422.43,34.87,38432,31.15,39003.55,26.22,27.99,192,506,60,0,0,0,97152,1.27,32,5,32,10,24.03,37.55,30,46.88,111,0x7fd202000000,0x7fd20205ee00,388608,3,11,512.0,0.0,0.0
cfd,097K,h_elements_surrounding_elements,1,cuda_compute_flux,861365528.73,34.87,49032,1272251422.43,34.87,38432,31.15,39003.55,26.22,27.99,192,506,60,0,0,0,97152,1.27,32,5,32,10,24.03,37.55,30,46.88,111,0x7fd20205ee00,0x7fd2021da600,1554432,10,17,1536.0,0.0,0.0
cfd,097K,h_normals,2,cuda_compute_flux,861365528.73,34.87,49032,1272251422.43,34.87,38432,31.15,39003.55,26.22,27.99,192,506,60,0,0,0,97152,1.27,32,5,32,10,24.03,37.55,30,46.88,111,0x7fd202200000,0x7fd202672800,4663296,33,24,4556.0,0.0,0.0
cfd,097K,h_areas,0,cuda_time_step,767948717.95,68.62,14245,1138087606.84,68.62,12480,22.39,11849.74,5.42,14.09,192,506,22,0,0,0,97152,0.63,32,14,32,10,33.95,53.04,60,93.75,111,0x7fd202000000,0x7fd20205ee00,388608,3,11,512.0,0.0,0.0
cfd,097K,h_elements_surrounding_elements,1,cuda_time_step,767948717.95,68.62,14245,1138087606.84,68.62,12480,22.39,11849.74,5.42,14.09,192,506,22,0,0,0,97152,0.63,32,14,32,10,33.95,53.04,60,93.75,111,0x7fd20205ee00,0x7fd2021da600,1554432,10,17,1536.0,0.0,0.0
cfd,097K,h_normals,2,cuda_time_step,767948717.95,68.62,14245,1138087606.84,68.62,12480,22.39,11849.74,5.42,14.09,192,506,22,0,0,0,97152,0.63,32,14,32,10,33.95,53.04,60,93.75,111,0x7fd202200000,0x7fd202672800,4663296,33,24,4556.0,0.0,0.0
cfd,097K,h_areas,0,cuda_compute_flux,848206839.03,35.37,48148,1251172852.38,35.37,38368,31.68,37848.66,25.97,28.84,192,506,60,0,0,0,97152,1.27,32,5,32,10,24.37,38.08,30,46.88,111,0x7fd202000000,0x7fd20205ee00,388608,3,11,512.0,0.0,0.0
cfd,097K,h_elements_surrounding_elements,1,cuda_compute_flux,848206839.03,35.37,48148,1251172852.38,35.37,38368,31.68,37848.66,25.97,28.84,192,506,60,0,0,0,97152,1.27,32,5,32,10,24.37,38.08,30,46.88,111,0x7fd20205ee00,0x7fd2021da600,1554432,10,17,1536.0,0.0,0.0
cfd,097K,h_normals,2,cuda_compute_flux,848206839.03,35.37,48148,1251172852.38,35.37,38368,31.68,37848.66,25.97,28.84,192,506,60,0,0,0,97152,1.27,32,5,32,10,24.37,38.08,30,46.88,111,0x7fd202200000,0x7fd202672800,4663296,33,24,4556.0,0.0,0.0
cfd,097K,h_areas,0,cuda_time_step,858725761.77,66.42,14740,1272838758.08,66.42,11552,21.64,11596.54,5.23,14.4,192,506,22,0,0,0,97152,0.63,32,14,32,10,33.83,52.86,60,93.75,111,0x7fd202000000,0x7fd20205ee00,388608,3,11,512.0,0.0,0.0
cfd,097K,h_elements_surrounding_elements,1,cuda_time_step,858725761.77,66.42,14740,1272838758.08,66.42,11552,21.64,11596.54,5.23,14.4,192,506,22,0,0,0,97152,0.63,32,14,32,10,33.83,52.86,60,93.75,111,0x7fd20205ee00,0x7fd2021da600,1554432,10,17,1536.0,0.0,0.0
cfd,097K,h_normals,2,cuda_time_step,858725761.77,66.42,14740,1272838758.08,66.42,11552,21.64,11596.54,5.23,14.4,192,506,22,0,0,0,97152,0.63,32,14,32,10,33.83,52.86,60,93.75,111,0x7fd202200000,0x7fd202672800,4663296,33,24,4556.0,0.0,0.0
cfd,097K,h_areas,0,cuda_compute_step_factor,808510638.3,44.07,10812,1195183215.13,44.07,9024,12.91,8358.98,20.66,10.9,192,506,20,0,0,0,97152,0.63,32,14,32,10,29.9,46.72,60,93.75,111,0x7fd202000000,0x7fd20205ee00,388608,3,11,512.0,0.0,0.0
cfd,097K,h_elements_surrounding_elements,1,cuda_compute_step_factor,808510638.3,44.07,10812,1195183215.13,44.07,9024,12.91,8358.98,20.66,10.9,192,506,20,0,0,0,97152,0.63,32,14,32,10,29.9,46.72,60,93.75,111,0x7fd20205ee00,0x7fd2021da600,1554432,10,17,1536.0,0.0,0.0
cfd,097K,h_normals,2,cuda_compute_step_factor,808510638.3,44.07,10812,1195183215.13,44.07,9024,12.91,8358.98,20.66,10.9,192,506,20,0,0,0,97152,0.63,32,14,32,10,29.9,46.72,60,93.75,111,0x7fd202200000,0x7fd202672800,4663296,33,24,4556.0,0.0,0.0
cfd,097K,h_areas,0,cuda_compute_flux,874580536.91,34.61,49411,1291277789.43,34.61,38144,30.91,38238.59,25.36,28.54,192,506,60,0,0,0,97152,1.27,32,5,32,10,24.52,38.32,30,46.88,111,0x7fd202000000,0x7fd20205ee00,388608,3,11,512.0,0.0,0.0
cfd,097K,h_elements_surrounding_elements,1,cuda_compute_flux,874580536.91,34.61,49411,1291277789.43,34.61,38144,30.91,38238.59,25.36,28.54,192,506,60,0,0,0,97152,1.27,32,5,32,10,24.52,38.32,30,46.88,111,0x7fd20205ee00,0x7fd2021da600,1554432,10,17,1536.0,0.0,0.0
cfd,097K,h_normals,2,cuda_compute_flux,874580536.91,34.61,49411,1291277789.43,34.61,38144,30.91,38238.59,25.36,28.54,192,506,60,0,0,0,97152,1.27,32,5,32,10,24.52,38.32,30,46.88,111,0x7fd202200000,0x7fd202672800,4663296,33,24,4556.0,0.0,0.0
cfd,097K,h_areas,0,cuda_time_step,839832869.08,68.84,14361,1247809308.26,68.84,11488,22.19,11616.44,5.37,14.37,192,506,22,0,0,0,97152,0.63,32,14,32,10,33.71,52.67,60,93.75,111,0x7fd202000000,0x7fd20205ee00,388608,3,11,512.0,0.0,0.0
cfd,097K,h_elements_surrounding_elements,1,cuda_time_step,839832869.08,68.84,14361,1247809308.26,68.84,11488,22.19,11616.44,5.37,14.37,192,506,22,0,0,0,97152,0.63,32,14,32,10,33.71,52.67,60,93.75,111,0x7fd20205ee00,0x7fd2021da600,1554432,10,17,1536.0,0.0,0.0
cfd,097K,h_normals,2,cuda_time_step,839832869.08,68.84,14361,1247809308.26,68.84,11488,22.19,11616.44,5.37,14.37,192,506,22,0,0,0,97152,0.63,32,14,32,10,33.71,52.67,60,93.75,111,0x7fd202200000,0x7fd202672800,4663296,33,24,4556.0,0.0,0.0
cfd,097K,h_areas,0,cuda_compute_flux,892765957.45,34.51,49739,1317752659.57,34.51,37600,30.68,37310.68,24.57,29.09,192,506,60,0,0,0,97152,1.27,32,5,32,10,24.27,37.93,30,46.88,111,0x7fd202000000,0x7fd20205ee00,388608,3,11,512.0,0.0,0.0
cfd,097K,h_elements_surrounding_elements,1,cuda_compute_flux,892765957.45,34.51,49739,1317752659.57,34.51,37600,30.68,37310.68,24.57,29.09,192,506,60,0,0,0,97152,1.27,32,5,32,10,24.27,37.93,30,46.88,111,0x7fd20205ee00,0x7fd2021da600,1554432,10,17,1536.0,0.0,0.0
cfd,097K,h_normals,2,cuda_compute_flux,892765957.45,34.51,49739,1317752659.57,34.51,37600,30.68,37310.68,24.57,29.09,192,506,60,0,0,0,97152,1.27,32,5,32,10,24.27,37.93,30,46.88,111,0x7fd202200000,0x7fd202672800,4663296,33,24,4556.0,0.0,0.0
cfd,097K,h_areas,0,cuda_time_step,818306010.93,68.75,14251,1214224726.78,68.75,11712,22.36,11558.29,5.41,14.45,192,506,22,0,0,0,97152,0.63,32,14,32,10,33.88,52.94,60,93.75,111,0x7fd202000000,0x7fd20205ee00,388608,3,11,512.0,0.0,0.0
cfd,097K,h_elements_surrounding_elements,1,cuda_time_step,818306010.93,68.75,14251,1214224726.78,68.75,11712,22.36,11558.29,5.41,14.45,192,506,22,0,0,0,97152,0.63,32,14,32,10,33.88,52.94,60,93.75,111,0x7fd20205ee00,0x7fd2021da600,1554432,10,17,1536.0,0.0,0.0
cfd,097K,h_normals,2,cuda_time_step,818306010.93,68.75,14251,1214224726.78,68.75,11712,22.36,11558.29,5.41,14.45,192,506,22,0,0,0,97152,0.63,32,14,32,10,33.88,52.94,60,93.75,111,0x7fd202200000,0x7fd202672800,4663296,33,24,4556.0,0.0,0.0
cfd,097K,h_areas,0,cuda_compute_flux,817842323.65,36.72,46644,1206241355.46,36.72,38560,32.69,36478.29,25.81,29.77,192,506,60,0,0,0,97152,1.27,32,5,32,10,24.67,38.54,30,46.88,111,0x7fd202000000,0x7fd20205ee00,388608,3,11,512.0,0.0,0.0
cfd,097K,h_elements_surrounding_elements,1,cuda_compute_flux,817842323.65,36.72,46644,1206241355.46,36.72,38560,32.69,36478.29,25.81,29.77,192,506,60,0,0,0,97152,1.27,32,5,32,10,24.67,38.54,30,46.88,111,0x7fd20205ee00,0x7fd2021da600,1554432,10,17,1536.0,0.0,0.0
cfd,097K,h_normals,2,cuda_compute_flux,817842323.65,36.72,46644,1206241355.46,36.72,38560,32.69,36478.29,25.81,29.77,192,506,60,0,0,0,97152,1.27,32,5,32,10,24.67,38.54,30,46.88,111,0x7fd202200000,0x7fd202672800,4663296,33,24,4556.0,0.0,0.0
cfd,097K,h_areas,0,cuda_time_step,806216931.22,67.71,14519,1197654872.13,67.71,12096,21.96,12083.27,5.31,13.82,192,506,22,0,0,0,97152,0.63,32,14,32,10,33.92,53.0,60,93.75,111,0x7fd202000000,0x7fd20205ee00,388608,3,11,512.0,0.0,0.0
cfd,097K,h_elements_surrounding_elements,1,cuda_time_step,806216931.22,67.71,14519,1197654872.13,67.71,12096,21.96,12083.27,5.31,13.82,192,506,22,0,0,0,97152,0.63,32,14,32,10,33.92,53.0,60,93.75,111,0x7fd20205ee00,0x7fd2021da600,1554432,10,17,1536.0,0.0,0.0
cfd,097K,h_normals,2,cuda_time_step,806216931.22,67.71,14519,1197654872.13,67.71,12096,21.96,12083.27,5.31,13.82,192,506,22,0,0,0,97152,0.63,32,14,32,10,33.92,53.0,60,93.75,111,0x7fd202200000,0x7fd202672800,4663296,33,24,4556.0,0.0,0.0
cfd,097K,h_areas,0,cuda_compute_step_factor,785964912.28,45.27,10639,1164126461.99,45.27,9120,13.12,8148.52,20.08,11.18,192,506,20,0,0,0,97152,0.63,32,14,32,10,30.19,47.18,60,93.75,111,0x7fd202000000,0x7fd20205ee00,388608,3,11,512.0,0.0,0.0
cfd,097K,h_elements_surrounding_elements,1,cuda_compute_step_factor,785964912.28,45.27,10639,1164126461.99,45.27,9120,13.12,8148.52,20.08,11.18,192,506,20,0,0,0,97152,0.63,32,14,32,10,30.19,47.18,60,93.75,111,0x7fd20205ee00,0x7fd2021da600,1554432,10,17,1536.0,0.0,0.0
cfd,097K,h_normals,2,cuda_compute_step_factor,785964912.28,45.27,10639,1164126461.99,45.27,9120,13.12,8148.52,20.08,11.18,192,506,20,0,0,0,97152,0.63,32,14,32,10,30.19,47.18,60,93.75,111,0x7fd202200000,0x7fd202672800,4663296,33,24,4556.0,0.0,0.0
cfd,097K,h_areas,0,cuda_compute_flux,878695652.17,35.69,47836,1296046195.65,35.69,36800,31.85,37109.89,25.22,29.28,192,506,60,0,0,0,97152,1.27,32,5,32,10,24.34,38.04,30,46.88,111,0x7fd202000000,0x7fd20205ee00,388608,3,11,512.0,0.0,0.0
cfd,097K,h_elements_surrounding_elements,1,cuda_compute_flux,878695652.17,35.69,47836,1296046195.65,35.69,36800,31.85,37109.89,25.22,29.28,192,506,60,0,0,0,97152,1.27,32,5,32,10,24.34,38.04,30,46.88,111,0x7fd20205ee00,0x7fd2021da600,1554432,10,17,1536.0,0.0,0.0
cfd,097K,h_normals,2,cuda_compute_flux,878695652.17,35.69,47836,1296046195.65,35.69,36800,31.85,37109.89,25.22,29.28,192,506,60,0,0,0,97152,1.27,32,5,32,10,24.34,38.04,30,46.88,111,0x7fd202200000,0x7fd202672800,4663296,33,24,4556.0,0.0,0.0
cfd,097K,h_areas,0,cuda_time_step,773076923.08,68.55,14356,1147823183.76,68.55,12480,22.21,11442.55,5.37,14.59,192,506,22,0,0,0,97152,0.63,32,14,32,10,33.97,53.07,60,93.75,111,0x7fd202000000,0x7fd20205ee00,388608,3,11,512.0,0.0,0.0
cfd,097K,h_elements_surrounding_elements,1,cuda_time_step,773076923.08,68.55,14356,1147823183.76,68.55,12480,22.21,11442.55,5.37,14.59,192,506,22,0,0,0,97152,0.63,32,14,32,10,33.97,53.07,60,93.75,111,0x7fd20205ee00,0x7fd2021da600,1554432,10,17,1536.0,0.0,0.0
cfd,097K,h_normals,2,cuda_time_step,773076923.08,68.55,14356,1147823183.76,68.55,12480,22.21,11442.55,5.37,14.59,192,506,22,0,0,0,97152,0.63,32,14,32,10,33.97,53.07,60,93.75,111,0x7fd202200000,0x7fd202672800,4663296,33,24,4556.0,0.0,0.0
cfd,097K,h_areas,0,cuda_compute_step_factor,820000000.0,44.62,10687,1211893939.39,44.62,8800,13.06,8399.88,19.61,10.84,192,506,20,0,0,0,97152,0.63,32,14,32,10,30.39,47.49,60,93.75,111,0x7fd202000000,0x7fd20205ee00,388608,3,11,512.0,0.0,0.0
cfd,097K,h_elements_surrounding_elements,1,cuda_compute_step_factor,820000000.0,44.62,10687,1211893939.39,44.62,8800,13.06,8399.88,19.61,10.84,192,506,20,0,0,0,97152,0.63,32,14,32,10,30.39,47.49,60,93.75,111,0x7fd20205ee00,0x7fd2021da600,1554432,10,17,1536.0,0.0,0.0
cfd,097K,h_normals,2,cuda_compute_step_factor,820000000.0,44.62,10687,1211893939.39,44.62,8800,13.06,8399.88,19.61,10.84,192,506,20,0,0,0,97152,0.63,32,14,32,10,30.39,47.49,60,93.75,111,0x7fd202200000,0x7fd202672800,4663296,33,24,4556.0,0.0,0.0
cfd,097K,h_areas,0,cuda_compute_step_factor,801444043.32,45.48,10522,1184754813.48,45.48,8864,13.26,8124.85,19.34,11.21,192,506,20,0,0,0,97152,0.63,32,14,32,10,30.44,47.56,60,93.75,111,0x7fd202000000,0x7fd20205ee00,388608,3,11,512.0,0.0,0.0
cfd,097K,h_elements_surrounding_elements,1,cuda_compute_step_factor,801444043.32,45.48,10522,1184754813.48,45.48,8864,13.26,8124.85,19.34,11.21,192,506,20,0,0,0,97152,0.63,32,14,32,10,30.44,47.56,60,93.75,111,0x7fd20205ee00,0x7fd2021da600,1554432,10,17,1536.0,0.0,0.0
cfd,097K,h_normals,2,cuda_compute_step_factor,801444043.32,45.48,10522,1184754813.48,45.48,8864,13.26,8124.85,19.34,11.21,192,506,20,0,0,0,97152,0.63,32,14,32,10,30.44,47.56,60,93.75,111,0x7fd202200000,0x7fd202672800,4663296,33,24,4556.0,0.0,0.0
cfd,097K,h_areas,0,cuda_compute_step_factor,792727272.73,46.32,10322,1170814393.94,46.32,8800,13.52,8215.62,19.36,11.09,192,506,20,0,0,0,97152,0.63,32,14,32,10,30.42,47.53,60,93.75,111,0x7fd202000000,0x7fd20205ee00,388608,3,11,512.0,0.0,0.0
cfd,097K,h_elements_surrounding_elements,1,cuda_compute_step_factor,792727272.73,46.32,10322,1170814393.94,46.32,8800,13.52,8215.62,19.36,11.09,192,506,20,0,0,0,97152,0.63,32,14,32,10,30.42,47.53,60,93.75,111,0x7fd20205ee00,0x7fd2021da600,1554432,10,17,1536.0,0.0,0.0
cfd,097K,h_normals,2,cuda_compute_step_factor,792727272.73,46.32,10322,1170814393.94,46.32,8800,13.52,8215.62,19.36,11.09,192,506,20,0,0,0,97152,0.63,32,14,32,10,30.42,47.53,60,93.75,111,0x7fd202200000,0x7fd202672800,4663296,33,24,4556.0,0.0,0.0
cfd,097K,h_areas,0,cuda_compute_step_factor,797794117.65,46.31,10284,1179055606.62,46.31,8704,13.57,8016.31,18.98,11.36,192,506,20,0,0,0,97152,0.63,32,14,32,10,30.19,47.16,60,93.75,111,0x7fd202000000,0x7fd20205ee00,388608,3,11,512.0,0.0,0.0
cfd,097K,h_elements_surrounding_elements,1,cuda_compute_step_factor,797794117.65,46.31,10284,1179055606.62,46.31,8704,13.57,8016.31,18.98,11.36,192,506,20,0,0,0,97152,0.63,32,14,32,10,30.19,47.16,60,93.75,111,0x7fd20205ee00,0x7fd2021da600,1554432,10,17,1536.0,0.0,0.0
cfd,097K,h_normals,2,cuda_compute_step_factor,797794117.65,46.31,10284,1179055606.62,46.31,8704,13.57,8016.31,18.98,11.36,192,506,20,0,0,0,97152,0.63,32,14,32,10,30.19,47.16,60,93.75,111,0x7fd202200000,0x7fd202672800,4663296,33,24,4556.0,0.0,0.0
cfd,097K,h_areas,0,cuda_compute_step_factor,807692307.69,45.7,10470,1196371337.0,45.7,8736,13.32,8074.9,18.49,11.28,192,506,20,0,0,0,97152,0.63,32,14,32,10,29.99,46.85,60,93.75,111,0x7fd202000000,0x7fd20205ee00,388608,3,11,512.0,0.0,0.0
cfd,097K,h_elements_surrounding_elements,1,cuda_compute_step_factor,807692307.69,45.7,10470,1196371337.0,45.7,8736,13.32,8074.9,18.49,11.28,192,506,20,0,0,0,97152,0.63,32,14,32,10,29.99,46.85,60,93.75,111,0x7fd20205ee00,0x7fd2021da600,1554432,10,17,1536.0,0.0,0.0
cfd,097K,h_normals,2,cuda_compute_step_factor,807692307.69,45.7,10470,1196371337.0,45.7,8736,13.32,8074.9,18.49,11.28,192,506,20,0,0,0,97152,0.63,32,14,32,10,29.99,46.85,60,93.75,111,0x7fd202200000,0x7fd202672800,4663296,33,24,4556.0,0.0,0.0
cfd,097K,h_areas,0,cuda_compute_step_factor,804029304.03,46.0,10417,1189980158.73,46.0,8736,13.39,8048.86,18.28,11.32,192,506,20,0,0,0,97152,0.63,32,14,32,10,30.12,47.06,60,93.75,111,0x7fd202000000,0x7fd20205ee00,388608,3,11,512.0,0.0,0.0
cfd,097K,h_elements_surrounding_elements,1,cuda_compute_step_factor,804029304.03,46.0,10417,1189980158.73,46.0,8736,13.39,8048.86,18.28,11.32,192,506,20,0,0,0,97152,0.63,32,14,32,10,30.12,47.06,60,93.75,111,0x7fd20205ee00,0x7fd2021da600,1554432,10,17,1536.0,0.0,0.0
cfd,097K,h_normals,2,cuda_compute_step_factor,804029304.03,46.0,10417,1189980158.73,46.0,8736,13.39,8048.86,18.28,11.32,192,506,20,0,0,0,97152,0.63,32,14,32,10,30.12,47.06,60,93.75,111,0x7fd202200000,0x7fd202672800,4663296,33,24,4556.0,0.0,0.0
cfd,193K,h_areas,0,cuda_compute_step_factor,774376417.23,56.15,16211,1145514455.78,56.15,14112,17.14,14051.42,28.27,12.91,192,1008,20,0,0,0,193536,1.26,32,14,32,10,47.03,73.48,60,93.75,111,0x7f5d52000000,0x7f5d520bd000,774144,5,60,1024.0,0.0,0.0
cfd,193K,h_elements_surrounding_elements,1,cuda_compute_step_factor,774376417.23,56.15,16211,1145514455.78,56.15,14112,17.14,14051.42,28.27,12.91,192,1008,20,0,0,0,193536,1.26,32,14,32,10,47.03,73.48,60,93.75,111,0x7f5d52200000,0x7f5d524f4000,3096576,20,33,3024.0,0.0,0.0
cfd,193K,h_normals,2,cuda_compute_step_factor,774376417.23,56.15,16211,1145514455.78,56.15,14112,17.14,14051.42,28.27,12.91,192,1008,20,0,0,0,193536,1.26,32,14,32,10,47.03,73.48,60,93.75,111,0x7f5d52600000,0x7f5d52edc000,9289728,58,20,9072.0,0.0,0.0
cfd,193K,h_areas,0,cuda_compute_flux,849375650.36,40.87,77535,1256568678.46,42.15,61504,42.15,68877.12,33.31,34.18,192,1008,60,0,0,0,193536,2.52,32,5,32,10,26.63,41.61,30,46.88,111,0x7f5d52000000,0x7f5d520bd000,774144,5,60,1024.0,0.0,0.0
cfd,193K,h_elements_surrounding_elements,1,cuda_compute_flux,849375650.36,40.87,77535,1256568678.46,42.15,61504,42.15,68877.12,33.31,34.18,192,1008,60,0,0,0,193536,2.52,32,5,32,10,26.63,41.61,30,46.88,111,0x7f5d52200000,0x7f5d524f4000,3096576,20,33,3024.0,0.0,0.0
cfd,193K,h_normals,2,cuda_compute_flux,849375650.36,40.87,77535,1256568678.46,42.15,61504,42.15,68877.12,33.31,34.18,192,1008,60,0,0,0,193536,2.52,32,5,32,10,26.63,41.61,30,46.88,111,0x7f5d52600000,0x7f5d52edc000,9289728,58,20,9072.0,0.0,0.0
cfd,193K,h_areas,0,cuda_time_step,857589984.35,73.25,26131,1275267344.81,73.25,20448,24.29,20729.53,5.84,16.05,192,1008,22,0,0,0,193536,1.26,32,14,32,10,49.69,77.64,60,93.75,111,0x7f5d52000000,0x7f5d520bd000,774144,5,60,1024.0,0.0,0.0
cfd,193K,h_elements_surrounding_elements,1,cuda_time_step,857589984.35,73.25,26131,1275267344.81,73.25,20448,24.29,20729.53,5.84,16.05,192,1008,22,0,0,0,193536,1.26,32,14,32,10,49.69,77.64,60,93.75,111,0x7f5d52200000,0x7f5d524f4000,3096576,20,33,3024.0,0.0,0.0
cfd,193K,h_normals,2,cuda_time_step,857589984.35,73.25,26131,1275267344.81,73.25,20448,24.29,20729.53,5.84,16.05,192,1008,22,0,0,0,193536,1.26,32,14,32,10,49.69,77.64,60,93.75,111,0x7f5d52600000,0x7f5d52edc000,9289728,58,20,9072.0,0.0,0.0
cfd,193K,h_areas,0,cuda_compute_flux,859752959.34,40.0,79375,1271704516.21,41.7,62176,41.7,72583.76,35.46,32.65,192,1008,60,0,0,0,193536,2.52,32,5,32,10,25.68,40.12,30,46.88,111,0x7f5d52000000,0x7f5d520bd000,774144,5,60,1024.0,0.0,0.0
cfd,193K,h_elements_surrounding_elements,1,cuda_compute_flux,859752959.34,40.0,79375,1271704516.21,41.7,62176,41.7,72583.76,35.46,32.65,192,1008,60,0,0,0,193536,2.52,32,5,32,10,25.68,40.12,30,46.88,111,0x7f5d52200000,0x7f5d524f4000,3096576,20,33,3024.0,0.0,0.0
cfd,193K,h_normals,2,cuda_compute_flux,859752959.34,40.0,79375,1271704516.21,41.7,62176,41.7,72583.76,35.46,32.65,192,1008,60,0,0,0,193536,2.52,32,5,32,10,25.68,40.12,30,46.88,111,0x7f5d52600000,0x7f5d52edc000,9289728,58,20,9072.0,0.0,0.0
cfd,193K,h_areas,0,cuda_time_step,882400000.0,72.62,26304,1312258333.33,72.62,20000,24.13,20217.79,5.8,16.45,192,1008,22,0,0,0,193536,1.26,32,14,32,10,50.22,78.48,60,93.75,111,0x7f5d52000000,0x7f5d520bd000,774144,5,60,1024.0,0.0,0.0
cfd,193K,h_elements_surrounding_elements,1,cuda_time_step,882400000.0,72.62,26304,1312258333.33,72.62,20000,24.13,20217.79,5.8,16.45,192,1008,22,0,0,0,193536,1.26,32,14,32,10,50.22,78.48,60,93.75,111,0x7f5d52200000,0x7f5d524f4000,3096576,20,33,3024.0,0.0,0.0
cfd,193K,h_normals,2,cuda_time_step,882400000.0,72.62,26304,1312258333.33,72.62,20000,24.13,20217.79,5.8,16.45,192,1008,22,0,0,0,193536,1.26,32,14,32,10,50.22,78.48,60,93.75,111,0x7f5d52600000,0x7f5d52edc000,9289728,58,20,9072.0,0.0,0.0
cfd,193K,h_areas,0,cuda_compute_flux,874933757.29,40.51,78378,1293557344.11,42.13,60384,42.13,71112.19,34.06,33.18,192,1008,60,0,0,0,193536,2.52,32,5,32,10,25.81,40.33,30,46.88,111,0x7f5d52000000,0x7f5d520bd000,774144,5,60,1024.0,0.0,0.0
cfd,193K,h_elements_surrounding_elements,1,cuda_compute_flux,874933757.29,40.51,78378,1293557344.11,42.13,60384,42.13,71112.19,34.06,33.18,192,1008,60,0,0,0,193536,2.52,32,5,32,10,25.81,40.33,30,46.88,111,0x7f5d52200000,0x7f5d524f4000,3096576,20,33,3024.0,0.0,0.0
cfd,193K,h_normals,2,cuda_compute_flux,874933757.29,40.51,78378,1293557344.11,42.13,60384,42.13,71112.19,34.06,33.18,192,1008,60,0,0,0,193536,2.52,32,5,32,10,25.81,40.33,30,46.88,111,0x7f5d52600000,0x7f5d52edc000,9289728,58,20,9072.0,0.0,0.0
cfd,193K,h_areas,0,cuda_time_step,817567567.57,73.97,25982,1216568130.63,73.97,21312,24.42,20891.42,5.87,15.92,192,1008,22,0,0,0,193536,1.26,32,14,32,10,50.67,79.17,60,93.75,111,0x7f5d52000000,0x7f5d520bd000,774144,5,60,1024.0,0.0,0.0
cfd,193K,h_elements_surrounding_elements,1,cuda_time_step,817567567.57,73.97,25982,1216568130.63,73.97,21312,24.42,20891.42,5.87,15.92,192,1008,22,0,0,0,193536,1.26,32,14,32,10,50.67,79.17,60,93.75,111,0x7f5d52200000,0x7f5d524f4000,3096576,20,33,3024.0,0.0,0.0
cfd,193K,h_normals,2,cuda_time_step,817567567.57,73.97,25982,1216568130.63,73.97,21312,24.42,20891.42,5.87,15.92,192,1008,22,0,0,0,193536,1.26,32,14,32,10,50.67,79.17,60,93.75,111,0x7f5d52600000,0x7f5d52edc000,9289728,58,20,9072.0,0.0,0.0
cfd,193K,h_areas,0,cuda_compute_step_factor,823974082.07,50.38,18112,1220099892.01,50.38,14816,15.33,14156.45,26.24,12.82,192,1008,20,0,0,0,193536,1.26,32,14,32,10,46.73,73.01,60,93.75,111,0x7f5d52000000,0x7f5d520bd000,774144,5,60,1024.0,0.0,0.0
cfd,193K,h_elements_surrounding_elements,1,cuda_compute_step_factor,823974082.07,50.38,18112,1220099892.01,50.38,14816,15.33,14156.45,26.24,12.82,192,1008,20,0,0,0,193536,1.26,32,14,32,10,46.73,73.01,60,93.75,111,0x7f5d52200000,0x7f5d524f4000,3096576,20,33,3024.0,0.0,0.0
cfd,193K,h_normals,2,cuda_compute_step_factor,823974082.07,50.38,18112,1220099892.01,50.38,14816,15.33,14156.45,26.24,12.82,192,1008,20,0,0,0,193536,1.26,32,14,32,10,46.73,73.01,60,93.75,111,0x7f5d52600000,0x7f5d52edc000,9289728,58,20,9072.0,0.0,0.0
cfd,193K,h_areas,0,cuda_compute_flux,862140992.17,40.57,78372,1274192232.38,41.88,61280,41.88,71443.77,33.84,32.81,192,1008,60,0,0,0,193536,2.52,32,5,32,10,25.73,40.21,30,46.88,111,0x7f5d52000000,0x7f5d520bd000,774144,5,60,1024.0,0.0,0.0
cfd,193K,h_elements_surrounding_elements,1,cuda_compute_flux,862140992.17,40.57,78372,1274192232.38,41.88,61280,41.88,71443.77,33.84,32.81,192,1008,60,0,0,0,193536,2.52,32,5,32,10,25.73,40.21,30,46.88,111,0x7f5d52200000,0x7f5d524f4000,3096576,20,33,3024.0,0.0,0.0
cfd,193K,h_normals,2,cuda_compute_flux,862140992.17,40.57,78372,1274192232.38,41.88,61280,41.88,71443.77,33.84,32.81,192,1008,60,0,0,0,193536,2.52,32,5,32,10,25.73,40.21,30,46.88,111,0x7f5d52600000,0x7f5d52edc000,9289728,58,20,9072.0,0.0,0.0
cfd,193K,h_areas,0,cuda_time_step,864632237.87,72.85,26361,1286197509.13,72.85,20448,24.08,21187.35,5.79,15.7,192,1008,22,0,0,0,193536,1.26,32,14,32,10,47.86,74.78,60,93.75,111,0x7f5d52000000,0x7f5d520bd000,774144,5,60,1024.0,0.0,0.0
cfd,193K,h_elements_surrounding_elements,1,cuda_time_step,864632237.87,72.85,26361,1286197509.13,72.85,20448,24.08,21187.35,5.79,15.7,192,1008,22,0,0,0,193536,1.26,32,14,32,10,47.86,74.78,60,93.75,111,0x7f5d52200000,0x7f5d524f4000,3096576,20,33,3024.0,0.0,0.0
cfd,193K,h_normals,2,cuda_time_step,864632237.87,72.85,26361,1286197509.13,72.85,20448,24.08,21187.35,5.79,15.7,192,1008,22,0,0,0,193536,1.26,32,14,32,10,47.86,74.78,60,93.75,111,0x7f5d52600000,0x7f5d52edc000,9289728,58,20,9072.0,0.0,0.0
cfd,193K,h_areas,0,cuda_compute_flux,859325605.9,41.03,77387,1270119863.01,42.21,60736,42.21,70806.94,33.67,32.93,192,1008,60,0,0,0,193536,2.52,32,5,32,10,25.85,40.4,30,46.88,111,0x7f5d52000000,0x7f5d520bd000,774144,5,60,1024.0,0.0,0.0
cfd,193K,h_elements_surrounding_elements,1,cuda_compute_flux,859325605.9,41.03,77387,1270119863.01,42.21,60736,42.21,70806.94,33.67,32.93,192,1008,60,0,0,0,193536,2.52,32,5,32,10,25.85,40.4,30,46.88,111,0x7f5d52200000,0x7f5d524f4000,3096576,20,33,3024.0,0.0,0.0
cfd,193K,h_normals,2,cuda_compute_flux,859325605.9,41.03,77387,1270119863.01,42.21,60736,42.21,70806.94,33.67,32.93,192,1008,60,0,0,0,193536,2.52,32,5,32,10,25.85,40.4,30,46.88,111,0x7f5d52600000,0x7f5d52edc000,9289728,58,20,9072.0,0.0,0.0
cfd,193K,h_areas,0,cuda_time_step,829007633.59,74.2,25871,1231226145.04,74.2,20960,24.53,21055.16,5.9,15.8,192,1008,22,0,0,0,193536,1.26,32,14,32,10,47.79,74.67,60,93.75,111,0x7f5d52000000,0x7f5d520bd000,774144,5,60,1024.0,0.0,0.0
cfd,193K,h_elements_surrounding_elements,1,cuda_time_step,829007633.59,74.2,25871,1231226145.04,74.2,20960,24.53,21055.16,5.9,15.8,192,1008,22,0,0,0,193536,1.26,32,14,32,10,47.79,74.67,60,93.75,111,0x7f5d52200000,0x7f5d524f4000,3096576,20,33,3024.0,0.0,0.0
cfd,193K,h_normals,2,cuda_time_step,829007633.59,74.2,25871,1231226145.04,74.2,20960,24.53,21055.16,5.9,15.8,192,1008,22,0,0,0,193536,1.26,32,14,32,10,47.79,74.67,60,93.75,111,0x7f5d52600000,0x7f5d52edc000,9289728,58,20,9072.0,0.0,0.0
cfd,193K,h_areas,0,cuda_compute_flux,838288993.22,41.62,76300,1238692183.97,42.78,61344,42.78,70087.18,33.4,33.39,192,1008,60,0,0,0,193536,2.52,32,5,32,10,25.65,40.08,30,46.88,111,0x7f5d52000000,0x7f5d520bd000,774144,5,60,1024.0,0.0,0.0
cfd,193K,h_elements_surrounding_elements,1,cuda_compute_flux,838288993.22,41.62,76300,1238692183.97,42.78,61344,42.78,70087.18,33.4,33.39,192,1008,60,0,0,0,193536,2.52,32,5,32,10,25.65,40.08,30,46.88,111,0x7f5d52200000,0x7f5d524f4000,3096576,20,33,3024.0,0.0,0.0
cfd,193K,h_normals,2,cuda_compute_flux,838288993.22,41.62,76300,1238692183.97,42.78,61344,42.78,70087.18,33.4,33.39,192,1008,60,0,0,0,193536,2.52,32,5,32,10,25.65,40.08,30,46.88,111,0x7f5d52600000,0x7f5d52edc000,9289728,58,20,9072.0,0.0,0.0
cfd,193K,h_areas,0,cuda_time_step,859872611.46,74.32,25730,1277526207.54,74.32,20096,24.64,21098.31,5.93,15.77,192,1008,22,0,0,0,193536,1.26,32,14,32,10,47.5,74.23,60,93.75,111,0x7f5d52000000,0x7f5d520bd000,774144,5,60,1024.0,0.0,0.0
cfd,193K,h_elements_surrounding_elements,1,cuda_time_step,859872611.46,74.32,25730,1277526207.54,74.32,20096,24.64,21098.31,5.93,15.77,192,1008,22,0,0,0,193536,1.26,32,14,32,10,47.5,74.23,60,93.75,111,0x7f5d52200000,0x7f5d524f4000,3096576,20,33,3024.0,0.0,0.0
cfd,193K,h_normals,2,cuda_time_step,859872611.46,74.32,25730,1277526207.54,74.32,20096,24.64,21098.31,5.93,15.77,192,1008,22,0,0,0,193536,1.26,32,14,32,10,47.5,74.23,60,93.75,111,0x7f5d52600000,0x7f5d52edc000,9289728,58,20,9072.0,0.0,0.0
cfd,193K,h_areas,0,cuda_compute_step_factor,807947019.87,51.97,17369,1195019315.67,51.97,14496,15.99,14096.6,26.07,12.87,192,1008,20,0,0,0,193536,1.26,32,14,32,10,46.3,72.35,60,93.75,111,0x7f5d52000000,0x7f5d520bd000,774144,5,60,1024.0,0.0,0.0
cfd,193K,h_elements_surrounding_elements,1,cuda_compute_step_factor,807947019.87,51.97,17369,1195019315.67,51.97,14496,15.99,14096.6,26.07,12.87,192,1008,20,0,0,0,193536,1.26,32,14,32,10,46.3,72.35,60,93.75,111,0x7f5d52200000,0x7f5d524f4000,3096576,20,33,3024.0,0.0,0.0
cfd,193K,h_normals,2,cuda_compute_step_factor,807947019.87,51.97,17369,1195019315.67,51.97,14496,15.99,14096.6,26.07,12.87,192,1008,20,0,0,0,193536,1.26,32,14,32,10,46.3,72.35,60,93.75,111,0x7f5d52600000,0x7f5d52edc000,9289728,58,20,9072.0,0.0,0.0
cfd,193K,h_areas,0,cuda_compute_flux,843846949.33,40.98,77482,1247455080.14,42.29,61888,42.29,69875.62,32.81,33.66,192,1008,60,0,0,0,193536,2.52,32,5,32,10,25.56,39.93,30,46.88,111,0x7f5d52000000,0x7f5d520bd000,774144,5,60,1024.0,0.0,0.0
cfd,193K,h_elements_surrounding_elements,1,cuda_compute_flux,843846949.33,40.98,77482,1247455080.14,42.29,61888,42.29,69875.62,32.81,33.66,192,1008,60,0,0,0,193536,2.52,32,5,32,10,25.56,39.93,30,46.88,111,0x7f5d52200000,0x7f5d524f4000,3096576,20,33,3024.0,0.0,0.0
cfd,193K,h_normals,2,cuda_compute_flux,843846949.33,40.98,77482,1247455080.14,42.29,61888,42.29,69875.62,32.81,33.66,192,1008,60,0,0,0,193536,2.52,32,5,32,10,25.56,39.93,30,46.88,111,0x7f5d52600000,0x7f5d52edc000,9289728,58,20,9072.0,0.0,0.0
cfd,193K,h_areas,0,cuda_time_step,841307814.99,76.06,25127,1249044723.55,76.06,20064,25.25,20850.66,6.08,15.95,192,1008,22,0,0,0,193536,1.26,32,14,32,10,48.08,75.13,60,93.75,111,0x7f5d52000000,0x7f5d520bd000,774144,5,60,1024.0,0.0,0.0
cfd,193K,h_elements_surrounding_elements,1,cuda_time_step,841307814.99,76.06,25127,1249044723.55,76.06,20064,25.25,20850.66,6.08,15.95,192,1008,22,0,0,0,193536,1.26,32,14,32,10,48.08,75.13,60,93.75,111,0x7f5d52200000,0x7f5d524f4000,3096576,20,33,3024.0,0.0,0.0
cfd,193K,h_normals,2,cuda_time_step,841307814.99,76.06,25127,1249044723.55,76.06,20064,25.25,20850.66,6.08,15.95,192,1008,22,0,0,0,193536,1.26,32,14,32,10,48.08,75.13,60,93.75,111,0x7f5d52600000,0x7f5d52edc000,9289728,58,20,9072.0,0.0,0.0
cfd,193K,h_areas,0,cuda_compute_flux,880149812.73,40.68,78072,1300567371.14,41.88,59808,41.88,69258.04,31.85,33.74,192,1008,60,0,0,0,193536,2.52,32,5,32,10,25.78,40.27,30,46.88,111,0x7f5d52000000,0x7f5d520bd000,774144,5,60,1024.0,0.0,0.0
cfd,193K,h_elements_surrounding_elements,1,cuda_compute_flux,880149812.73,40.68,78072,1300567371.14,41.88,59808,41.88,69258.04,31.85,33.74,192,1008,60,0,0,0,193536,2.52,32,5,32,10,25.78,40.27,30,46.88,111,0x7f5d52200000,0x7f5d524f4000,3096576,20,33,3024.0,0.0,0.0
cfd,193K,h_normals,2,cuda_compute_flux,880149812.73,40.68,78072,1300567371.14,41.88,59808,41.88,69258.04,31.85,33.74,192,1008,60,0,0,0,193536,2.52,32,5,32,10,25.78,40.27,30,46.88,111,0x7f5d52600000,0x7f5d52edc000,9289728,58,20,9072.0,0.0,0.0
cfd,193K,h_areas,0,cuda_time_step,845786963.43,75.57,25361,1256698794.38,75.57,20128,25.01,20583.51,6.02,16.16,192,1008,22,0,0,0,193536,1.26,32,14,32,10,48.5,75.78,60,93.75,111,0x7f5d52000000,0x7f5d520bd000,774144,5,60,1024.0,0.0,0.0
cfd,193K,h_elements_surrounding_elements,1,cuda_time_step,845786963.43,75.57,25361,1256698794.38,75.57,20128,25.01,20583.51,6.02,16.16,192,1008,22,0,0,0,193536,1.26,32,14,32,10,48.5,75.78,60,93.75,111,0x7f5d52200000,0x7f5d524f4000,3096576,20,33,3024.0,0.0,0.0
cfd,193K,h_normals,2,cuda_time_step,845786963.43,75.57,25361,1256698794.38,75.57,20128,25.01,20583.51,6.02,16.16,192,1008,22,0,0,0,193536,1.26,32,14,32,10,48.5,75.78,60,93.75,111,0x7f5d52600000,0x7f5d52edc000,9289728,58,20,9072.0,0.0,0.0
cfd,193K,h_areas,0,cuda_compute_flux,846133474.58,41.87,75768,1249382062.15,43.11,60416,43.11,69612.5,32.41,33.56,192,1008,60,0,0,0,193536,2.52,32,5,32,10,25.84,40.37,30,46.88,111,0x7f5d52000000,0x7f5d520bd000,774144,5,60,1024.0,0.0,0.0
cfd,193K,h_elements_surrounding_elements,1,cuda_compute_flux,846133474.58,41.87,75768,1249382062.15,43.11,60416,43.11,69612.5,32.41,33.56,192,1008,60,0,0,0,193536,2.52,32,5,32,10,25.84,40.37,30,46.88,111,0x7f5d52200000,0x7f5d524f4000,3096576,20,33,3024.0,0.0,0.0
cfd,193K,h_normals,2,cuda_compute_flux,846133474.58,41.87,75768,1249382062.15,43.11,60416,43.11,69612.5,32.41,33.56,192,1008,60,0,0,0,193536,2.52,32,5,32,10,25.84,40.37,30,46.88,111,0x7f5d52600000,0x7f5d52edc000,9289728,58,20,9072.0,0.0,0.0
cfd,193K,h_areas,0,cuda_time_step,836479198.77,73.98,25910,1244189779.15,73.98,20768,24.48,20882.89,5.89,15.93,192,1008,22,0,0,0,193536,1.26,32,14,32,10,48.39,75.61,60,93.75,111,0x7f5d52000000,0x7f5d520bd000,774144,5,60,1024.0,0.0,0.0
cfd,193K,h_elements_surrounding_elements,1,cuda_time_step,836479198.77,73.98,25910,1244189779.15,73.98,20768,24.48,20882.89,5.89,15.93,192,1008,22,0,0,0,193536,1.26,32,14,32,10,48.39,75.61,60,93.75,111,0x7f5d52200000,0x7f5d524f4000,3096576,20,33,3024.0,0.0,0.0
cfd,193K,h_normals,2,cuda_time_step,836479198.77,73.98,25910,1244189779.15,73.98,20768,24.48,20882.89,5.89,15.93,192,1008,22,0,0,0,193536,1.26,32,14,32,10,48.39,75.61,60,93.75,111,0x7f5d52600000,0x7f5d52edc000,9289728,58,20,9072.0,0.0,0.0
cfd,193K,h_areas,0,cuda_compute_step_factor,790099557.52,53.47,16954,1169328447.64,53.47,14464,16.38,14462.95,25.69,12.55,192,1008,20,0,0,0,193536,1.26,32,14,32,10,45.37,70.9,60,93.75,111,0x7f5d52000000,0x7f5d520bd000,774144,5,60,1024.0,0.0,0.0
cfd,193K,h_elements_surrounding_elements,1,cuda_compute_step_factor,790099557.52,53.47,16954,1169328447.64,53.47,14464,16.38,14462.95,25.69,12.55,192,1008,20,0,0,0,193536,1.26,32,14,32,10,45.37,70.9,60,93.75,111,0x7f5d52200000,0x7f5d524f4000,3096576,20,33,3024.0,0.0,0.0
cfd,193K,h_normals,2,cuda_compute_step_factor,790099557.52,53.47,16954,1169328447.64,53.47,14464,16.38,14462.95,25.69,12.55,192,1008,20,0,0,0,193536,1.26,32,14,32,10,45.37,70.9,60,93.75,111,0x7f5d52600000,0x7f5d52edc000,9289728,58,20,9072.0,0.0,0.0
cfd,193K,h_areas,0,cuda_compute_flux,879514824.8,41.0,77430,1299435646.9,42.1,59360,42.1,68953.7,31.74,33.85,192,1008,60,0,0,0,193536,2.52,32,5,32,10,25.7,40.15,30,46.88,111,0x7f5d52000000,0x7f5d520bd000,774144,5,60,1024.0,0.0,0.0
cfd,193K,h_elements_surrounding_elements,1,cuda_compute_flux,879514824.8,41.0,77430,1299435646.9,42.1,59360,42.1,68953.7,31.74,33.85,192,1008,60,0,0,0,193536,2.52,32,5,32,10,25.7,40.15,30,46.88,111,0x7f5d52200000,0x7f5d524f4000,3096576,20,33,3024.0,0.0,0.0
cfd,193K,h_normals,2,cuda_compute_flux,879514824.8,41.0,77430,1299435646.9,42.1,59360,42.1,68953.7,31.74,33.85,192,1008,60,0,0,0,193536,2.52,32,5,32,10,25.7,40.15,30,46.88,111,0x7f5d52600000,0x7f5d52edc000,9289728,58,20,9072.0,0.0,0.0
cfd,193K,h_areas,0,cuda_time_step,807981927.71,74.91,25546,1199924698.8,74.91,21248,24.81,20994.67,5.98,15.84,192,1008,22,0,0,0,193536,1.26,32,14,32,10,47.74,74.6,60,93.75,111,0x7f5d52000000,0x7f5d520bd000,774144,5,60,1024.0,0.0,0.0
cfd,193K,h_elements_surrounding_elements,1,cuda_time_step,807981927.71,74.91,25546,1199924698.8,74.91,21248,24.81,20994.67,5.98,15.84,192,1008,22,0,0,0,193536,1.26,32,14,32,10,47.74,74.6,60,93.75,111,0x7f5d52200000,0x7f5d524f4000,3096576,20,33,3024.0,0.0,0.0
cfd,193K,h_normals,2,cuda_time_step,807981927.71,74.91,25546,1199924698.8,74.91,21248,24.81,20994.67,5.98,15.84,192,1008,22,0,0,0,193536,1.26,32,14,32,10,47.74,74.6,60,93.75,111,0x7f5d52600000,0x7f5d52edc000,9289728,58,20,9072.0,0.0,0.0
cfd,193K,h_areas,0,cuda_compute_step_factor,815909090.91,53.0,17028,1206510416.67,53.0,14080,16.31,14162.95,25.06,12.81,192,1008,20,0,0,0,193536,1.26,32,14,32,10,45.07,70.42,60,93.75,111,0x7f5d52000000,0x7f5d520bd000,774144,5,60,1024.0,0.0,0.0
cfd,193K,h_elements_surrounding_elements,1,cuda_compute_step_factor,815909090.91,53.0,17028,1206510416.67,53.0,14080,16.31,14162.95,25.06,12.81,192,1008,20,0,0,0,193536,1.26,32,14,32,10,45.07,70.42,60,93.75,111,0x7f5d52200000,0x7f5d524f4000,3096576,20,33,3024.0,0.0,0.0
cfd,193K,h_normals,2,cuda_compute_step_factor,815909090.91,53.0,17028,1206510416.67,53.0,14080,16.31,14162.95,25.06,12.81,192,1008,20,0,0,0,193536,1.26,32,14,32,10,45.07,70.42,60,93.75,111,0x7f5d52600000,0x7f5d52edc000,9289728,58,20,9072.0,0.0,0.0
cfd,193K,h_areas,0,cuda_compute_step_factor,803203661.33,54.26,16666,1188584572.85,54.26,13984,16.67,13755.59,24.87,13.19,192,1008,20,0,0,0,193536,1.26,32,14,32,10,45.07,70.42,60,93.75,111,0x7f5d52000000,0x7f5d520bd000,774144,5,60,1024.0,0.0,0.0
cfd,193K,h_elements_surrounding_elements,1,cuda_compute_step_factor,803203661.33,54.26,16666,1188584572.85,54.26,13984,16.67,13755.59,24.87,13.19,192,1008,20,0,0,0,193536,1.26,32,14,32,10,45.07,70.42,60,93.75,111,0x7f5d52200000,0x7f5d524f4000,3096576,20,33,3024.0,0.0,0.0
cfd,193K,h_normals,2,cuda_compute_step_factor,803203661.33,54.26,16666,1188584572.85,54.26,13984,16.67,13755.59,24.87,13.19,192,1008,20,0,0,0,193536,1.26,32,14,32,10,45.07,70.42,60,93.75,111,0x7f5d52600000,0x7f5d52edc000,9289728,58,20,9072.0,0.0,0.0
cfd,193K,h_areas,0,cuda_compute_step_factor,814516129.03,54.17,16758,1203677035.33,54.17,13888,16.58,14162.42,24.29,12.81,192,1008,20,0,0,0,193536,1.26,32,14,32,10,45.31,70.8,60,93.75,111,0x7f5d52000000,0x7f5d520bd000,774144,5,60,1024.0,0.0,0.0
cfd,193K,h_elements_surrounding_elements,1,cuda_compute_step_factor,814516129.03,54.17,16758,1203677035.33,54.17,13888,16.58,14162.42,24.29,12.81,192,1008,20,0,0,0,193536,1.26,32,14,32,10,45.31,70.8,60,93.75,111,0x7f5d52200000,0x7f5d524f4000,3096576,20,33,3024.0,0.0,0.0
cfd,193K,h_normals,2,cuda_compute_step_factor,814516129.03,54.17,16758,1203677035.33,54.17,13888,16.58,14162.42,24.29,12.81,192,1008,20,0,0,0,193536,1.26,32,14,32,10,45.31,70.8,60,93.75,111,0x7f5d52600000,0x7f5d52edc000,9289728,58,20,9072.0,0.0,0.0
cfd,193K,h_areas,0,cuda_compute_step_factor,754385964.91,55.6,16314,1114971673.98,55.6,14592,17.03,13419.46,24.43,13.52,192,1008,20,0,0,0,193536,1.26,32,14,32,10,45.22,70.65,60,93.75,111,0x7f5d52000000,0x7f5d520bd000,774144,5,60,1024.0,0.0,0.0
cfd,193K,h_elements_surrounding_elements,1,cuda_compute_step_factor,754385964.91,55.6,16314,1114971673.98,55.6,14592,17.03,13419.46,24.43,13.52,192,1008,20,0,0,0,193536,1.26,32,14,32,10,45.22,70.65,60,93.75,111,0x7f5d52200000,0x7f5d524f4000,3096576,20,33,3024.0,0.0,0.0
cfd,193K,h_normals,2,cuda_compute_step_factor,754385964.91,55.6,16314,1114971673.98,55.6,14592,17.03,13419.46,24.43,13.52,192,1008,20,0,0,0,193536,1.26,32,14,32,10,45.22,70.65,60,93.75,111,0x7f5d52600000,0x7f5d52edc000,9289728,58,20,9072.0,0.0,0.0
cfd,193K,h_areas,0,cuda_compute_step_factor,852163461.54,53.77,16826,1260441706.73,53.77,13312,16.51,13340.76,23.46,13.6,192,1008,20,0,0,0,193536,1.26,32,14,32,10,45.21,70.64,60,93.75,111,0x7f5d52000000,0x7f5d520bd000,774144,5,60,1024.0,0.0,0.0
cfd,193K,h_elements_surrounding_elements,1,cuda_compute_step_factor,852163461.54,53.77,16826,1260441706.73,53.77,13312,16.51,13340.76,23.46,13.6,192,1008,20,0,0,0,193536,1.26,32,14,32,10,45.21,70.64,60,93.75,111,0x7f5d52200000,0x7f5d524f4000,3096576,20,33,3024.0,0.0,0.0
cfd,193K,h_normals,2,cuda_compute_step_factor,852163461.54,53.77,16826,1260441706.73,53.77,13312,16.51,13340.76,23.46,13.6,192,1008,20,0,0,0,193536,1.26,32,14,32,10,45.21,70.64,60,93.75,111,0x7f5d52600000,0x7f5d52edc000,9289728,58,20,9072.0,0.0,0.0
cfd,193K,h_areas,0,cuda_compute_step_factor,826291079.81,54.23,16718,1222968016.43,54.23,13632,16.61,13921.48,23.2,13.03,192,1008,20,0,0,0,193536,1.26,32,14,32,10,45.91,71.73,60,93.75,111,0x7f5d52000000,0x7f5d520bd000,774144,5,60,1024.0,0.0,0.0
cfd,193K,h_elements_surrounding_elements,1,cuda_compute_step_factor,826291079.81,54.23,16718,1222968016.43,54.23,13632,16.61,13921.48,23.2,13.03,192,1008,20,0,0,0,193536,1.26,32,14,32,10,45.91,71.73,60,93.75,111,0x7f5d52200000,0x7f5d524f4000,3096576,20,33,3024.0,0.0,0.0
cfd,193K,h_normals,2,cuda_compute_step_factor,826291079.81,54.23,16718,1222968016.43,54.23,13632,16.61,13921.48,23.2,13.03,192,1008,20,0,0,0,193536,1.26,32,14,32,10,45.91,71.73,60,93.75,111,0x7f5d52600000,0x7f5d52edc000,9289728,58,20,9072.0,0.0,0.0
cfd,missile0.2M,h_areas,0,cuda_compute_step_factor,764529058.12,58.85,18106,1131606963.93,58.85,15968,18.43,15575.33,30.39,14.01,192,1212,20,0,0,0,232704,1.52,32,14,32,10,47.2,73.75,60,93.75,111,0x7f0c92000000,0x7f0c920e3400,930816,5,52,1024.0,0.0,0.0
cfd,missile0.2M,h_elements_surrounding_elements,1,cuda_compute_step_factor,764529058.12,58.85,18106,1131606963.93,58.85,15968,18.43,15575.33,30.39,14.01,192,1212,20,0,0,0,232704,1.52,32,14,32,10,47.2,73.75,60,93.75,111,0x7f0c92200000,0x7f0c9258d000,3723264,20,26,3636.0,0.0,0.0
cfd,missile0.2M,h_normals,2,cuda_compute_step_factor,764529058.12,58.85,18106,1131606963.93,58.85,15968,18.43,15575.33,30.39,14.01,192,1212,20,0,0,0,232704,1.52,32,14,32,10,47.2,73.75,60,93.75,111,0x7f0c92600000,0x7f0c930a7000,11169792,65,34,10908.0,0.0,0.0
cfd,missile0.2M,h_areas,0,cuda_compute_flux,840501792.11,42.86,89105,1243382243.13,42.86,71424,42.27,77884.81,34.86,34.47,192,1212,60,0,0,0,232704,3.03,32,5,32,10,27.66,43.22,30,46.88,111,0x7f0c92000000,0x7f0c920e3400,930816,5,52,1024.0,0.0,0.0
cfd,missile0.2M,h_elements_surrounding_elements,1,cuda_compute_flux,840501792.11,42.86,89105,1243382243.13,42.86,71424,42.27,77884.81,34.86,34.47,192,1212,60,0,0,0,232704,3.03,32,5,32,10,27.66,43.22,30,46.88,111,0x7f0c92200000,0x7f0c9258d000,3723264,20,26,3636.0,0.0,0.0
cfd,missile0.2M,h_normals,2,cuda_compute_flux,840501792.11,42.86,89105,1243382243.13,42.86,71424,42.27,77884.81,34.86,34.47,192,1212,60,0,0,0,232704,3.03,32,5,32,10,27.66,43.22,30,46.88,111,0x7f0c92600000,0x7f0c930a7000,11169792,65,34,10908.0,0.0,0.0
cfd,missile0.2M,h_areas,0,cuda_time_step,844460227.27,79.76,28384,1257065281.72,79.76,22528,26.87,24299.01,6.46,16.46,192,1212,22,0,0,0,232704,1.52,32,14,32,10,49.03,76.62,60,93.75,111,0x7f0c92000000,0x7f0c920e3400,930816,5,52,1024.0,0.0,0.0
cfd,missile0.2M,h_elements_surrounding_elements,1,cuda_time_step,844460227.27,79.76,28384,1257065281.72,79.76,22528,26.87,24299.01,6.46,16.46,192,1212,22,0,0,0,232704,1.52,32,14,32,10,49.03,76.62,60,93.75,111,0x7f0c92200000,0x7f0c9258d000,3723264,20,26,3636.0,0.0,0.0
cfd,missile0.2M,h_normals,2,cuda_time_step,844460227.27,79.76,28384,1257065281.72,79.76,22528,26.87,24299.01,6.46,16.46,192,1212,22,0,0,0,232704,1.52,32,14,32,10,49.03,76.62,60,93.75,111,0x7f0c92600000,0x7f0c930a7000,11169792,65,34,10908.0,0.0,0.0
cfd,missile0.2M,h_areas,0,cuda_compute_flux,868960549.65,40.99,93067,1285255522.31,40.99,72192,40.88,81980.59,36.32,33.32,192,1212,60,0,0,0,232704,3.03,32,5,32,10,27.44,42.87,30,46.88,111,0x7f0c92000000,0x7f0c920e3400,930816,5,52,1024.0,0.0,0.0
cfd,missile0.2M,h_elements_surrounding_elements,1,cuda_compute_flux,868960549.65,40.99,93067,1285255522.31,40.99,72192,40.88,81980.59,36.32,33.32,192,1212,60,0,0,0,232704,3.03,32,5,32,10,27.44,42.87,30,46.88,111,0x7f0c92200000,0x7f0c9258d000,3723264,20,26,3636.0,0.0,0.0
cfd,missile0.2M,h_normals,2,cuda_compute_flux,868960549.65,40.99,93067,1285255522.31,40.99,72192,40.88,81980.59,36.32,33.32,192,1212,60,0,0,0,232704,3.03,32,5,32,10,27.44,42.87,30,46.88,111,0x7f0c92600000,0x7f0c930a7000,11169792,65,34,10908.0,0.0,0.0
cfd,missile0.2M,h_areas,0,cuda_time_step,816689466.48,79.61,28469,1214161536.71,79.61,23392,26.78,23711.39,6.44,16.87,192,1212,22,0,0,0,232704,1.52,32,14,32,10,50.59,79.05,60,93.75,111,0x7f0c92000000,0x7f0c920e3400,930816,5,52,1024.0,0.0,0.0
cfd,missile0.2M,h_elements_surrounding_elements,1,cuda_time_step,816689466.48,79.61,28469,1214161536.71,79.61,23392,26.78,23711.39,6.44,16.87,192,1212,22,0,0,0,232704,1.52,32,14,32,10,50.59,79.05,60,93.75,111,0x7f0c92200000,0x7f0c9258d000,3723264,20,26,3636.0,0.0,0.0
cfd,missile0.2M,h_normals,2,cuda_time_step,816689466.48,79.61,28469,1214161536.71,79.61,23392,26.78,23711.39,6.44,16.87,192,1212,22,0,0,0,232704,1.52,32,14,32,10,50.59,79.05,60,93.75,111,0x7f0c92600000,0x7f0c930a7000,11169792,65,34,10908.0,0.0,0.0
cfd,missile0.2M,h_areas,0,cuda_compute_flux,876358695.65,41.52,91866,1295445538.95,41.52,70656,41.19,79983.21,34.71,34.34,192,1212,60,0,0,0,232704,3.03,32,5,32,10,27.36,42.74,30,46.88,111,0x7f0c92000000,0x7f0c920e3400,930816,5,52,1024.0,0.0,0.0
cfd,missile0.2M,h_elements_surrounding_elements,1,cuda_compute_flux,876358695.65,41.52,91866,1295445538.95,41.52,70656,41.19,79983.21,34.71,34.34,192,1212,60,0,0,0,232704,3.03,32,5,32,10,27.36,42.74,30,46.88,111,0x7f0c92200000,0x7f0c9258d000,3723264,20,26,3636.0,0.0,0.0
cfd,missile0.2M,h_normals,2,cuda_compute_flux,876358695.65,41.52,91866,1295445538.95,41.52,70656,41.19,79983.21,34.71,34.34,192,1212,60,0,0,0,232704,3.03,32,5,32,10,27.36,42.74,30,46.88,111,0x7f0c92600000,0x7f0c930a7000,11169792,65,34,10908.0,0.0,0.0
cfd,missile0.2M,h_areas,0,cuda_time_step,834187158.47,77.65,29110,1239853711.29,77.65,23424,26.18,24663.44,6.3,16.22,192,1212,22,0,0,0,232704,1.52,32,14,32,10,48.31,75.48,60,93.75,111,0x7f0c92000000,0x7f0c920e3400,930816,5,52,1024.0,0.0,0.0
cfd,missile0.2M,h_elements_surrounding_elements,1,cuda_time_step,834187158.47,77.65,29110,1239853711.29,77.65,23424,26.18,24663.44,6.3,16.22,192,1212,22,0,0,0,232704,1.52,32,14,32,10,48.31,75.48,60,93.75,111,0x7f0c92200000,0x7f0c9258d000,3723264,20,26,3636.0,0.0,0.0
cfd,missile0.2M,h_normals,2,cuda_time_step,834187158.47,77.65,29110,1239853711.29,77.65,23424,26.18,24663.44,6.3,16.22,192,1212,22,0,0,0,232704,1.52,32,14,32,10,48.31,75.48,60,93.75,111,0x7f0c92600000,0x7f0c930a7000,11169792,65,34,10908.0,0.0,0.0
cfd,missile0.2M,h_areas,0,cuda_compute_step_factor,762845849.8,58.91,18292,1126852766.8,58.91,16192,18.25,16400.79,31.1,13.3,192,1212,20,0,0,0,232704,1.52,32,14,32,10,47.89,74.83,60,93.75,111,0x7f0c92000000,0x7f0c920e3400,930816,5,52,1024.0,0.0,0.0
cfd,missile0.2M,h_elements_surrounding_elements,1,cuda_compute_step_factor,762845849.8,58.91,18292,1126852766.8,58.91,16192,18.25,16400.79,31.1,13.3,192,1212,20,0,0,0,232704,1.52,32,14,32,10,47.89,74.83,60,93.75,111,0x7f0c92200000,0x7f0c9258d000,3723264,20,26,3636.0,0.0,0.0
cfd,missile0.2M,h_normals,2,cuda_compute_step_factor,762845849.8,58.91,18292,1126852766.8,58.91,16192,18.25,16400.79,31.1,13.3,192,1212,20,0,0,0,232704,1.52,32,14,32,10,47.89,74.83,60,93.75,111,0x7f0c92600000,0x7f0c930a7000,11169792,65,34,10908.0,0.0,0.0
cfd,missile0.2M,h_areas,0,cuda_compute_flux,866148926.45,42.38,90088,1280995412.67,42.38,70048,42.3,79517.3,35.31,34.28,192,1212,60,0,0,0,232704,3.03,32,5,32,10,27.33,42.7,30,46.88,111,0x7f0c92000000,0x7f0c920e3400,930816,5,52,1024.0,0.0,0.0
cfd,missile0.2M,h_elements_surrounding_elements,1,cuda_compute_flux,866148926.45,42.38,90088,1280995412.67,42.38,70048,42.3,79517.3,35.31,34.28,192,1212,60,0,0,0,232704,3.03,32,5,32,10,27.33,42.7,30,46.88,111,0x7f0c92200000,0x7f0c9258d000,3723264,20,26,3636.0,0.0,0.0
cfd,missile0.2M,h_normals,2,cuda_compute_flux,866148926.45,42.38,90088,1280995412.67,42.38,70048,42.3,79517.3,35.31,34.28,192,1212,60,0,0,0,232704,3.03,32,5,32,10,27.33,42.7,30,46.88,111,0x7f0c92600000,0x7f0c930a7000,11169792,65,34,10908.0,0.0,0.0
cfd,missile0.2M,h_areas,0,cuda_time_step,816326530.61,79.11,28627,1214597505.67,79.11,23520,26.62,24348.74,6.41,16.43,192,1212,22,0,0,0,232704,1.52,32,14,32,10,49.74,77.71,60,93.75,111,0x7f0c92000000,0x7f0c920e3400,930816,5,52,1024.0,0.0,0.0
cfd,missile0.2M,h_elements_surrounding_elements,1,cuda_time_step,816326530.61,79.11,28627,1214597505.67,79.11,23520,26.62,24348.74,6.41,16.43,192,1212,22,0,0,0,232704,1.52,32,14,32,10,49.74,77.71,60,93.75,111,0x7f0c92200000,0x7f0c9258d000,3723264,20,26,3636.0,0.0,0.0
cfd,missile0.2M,h_normals,2,cuda_time_step,816326530.61,79.11,28627,1214597505.67,79.11,23520,26.62,24348.74,6.41,16.43,192,1212,22,0,0,0,232704,1.52,32,14,32,10,49.74,77.71,60,93.75,111,0x7f0c92600000,0x7f0c930a7000,11169792,65,34,10908.0,0.0,0.0
cfd,missile0.2M,h_areas,0,cuda_compute_flux,870059064.06,41.98,90997,1287004959.87,42.04,70432,42.04,79623.23,34.56,34.12,192,1212,60,0,0,0,232704,3.03,32,5,32,10,27.23,42.54,30,46.88,111,0x7f0c92000000,0x7f0c920e3400,930816,5,52,1024.0,0.0,0.0
cfd,missile0.2M,h_elements_surrounding_elements,1,cuda_compute_flux,870059064.06,41.98,90997,1287004959.87,42.04,70432,42.04,79623.23,34.56,34.12,192,1212,60,0,0,0,232704,3.03,32,5,32,10,27.23,42.54,30,46.88,111,0x7f0c92200000,0x7f0c9258d000,3723264,20,26,3636.0,0.0,0.0
cfd,missile0.2M,h_normals,2,cuda_compute_flux,870059064.06,41.98,90997,1287004959.87,42.04,70432,42.04,79623.23,34.56,34.12,192,1212,60,0,0,0,232704,3.03,32,5,32,10,27.23,42.54,30,46.88,111,0x7f0c92600000,0x7f0c930a7000,11169792,65,34,10908.0,0.0,0.0
cfd,missile0.2M,h_areas,0,cuda_time_step,866666666.67,77.48,29147,1289095744.68,77.48,22560,26.14,24625.24,6.29,16.24,192,1212,22,0,0,0,232704,1.52,32,14,32,10,50.25,78.51,60,93.75,111,0x7f0c92000000,0x7f0c920e3400,930816,5,52,1024.0,0.0,0.0
cfd,missile0.2M,h_elements_surrounding_elements,1,cuda_time_step,866666666.67,77.48,29147,1289095744.68,77.48,22560,26.14,24625.24,6.29,16.24,192,1212,22,0,0,0,232704,1.52,32,14,32,10,50.25,78.51,60,93.75,111,0x7f0c92200000,0x7f0c9258d000,3723264,20,26,3636.0,0.0,0.0
cfd,missile0.2M,h_normals,2,cuda_time_step,866666666.67,77.48,29147,1289095744.68,77.48,22560,26.14,24625.24,6.29,16.24,192,1212,22,0,0,0,232704,1.52,32,14,32,10,50.25,78.51,60,93.75,111,0x7f0c92600000,0x7f0c930a7000,11169792,65,34,10908.0,0.0,0.0
cfd,missile0.2M,h_areas,0,cuda_compute_flux,860581289.74,42.43,90038,1272559983.35,42.43,70464,42.2,79203.07,34.39,34.51,192,1212,60,0,0,0,232704,3.03,32,5,32,10,27.3,42.66,30,46.88,111,0x7f0c92000000,0x7f0c920e3400,930816,5,52,1024.0,0.0,0.0
cfd,missile0.2M,h_elements_surrounding_elements,1,cuda_compute_flux,860581289.74,42.43,90038,1272559983.35,42.43,70464,42.2,79203.07,34.39,34.51,192,1212,60,0,0,0,232704,3.03,32,5,32,10,27.3,42.66,30,46.88,111,0x7f0c92200000,0x7f0c9258d000,3723264,20,26,3636.0,0.0,0.0
cfd,missile0.2M,h_normals,2,cuda_compute_flux,860581289.74,42.43,90038,1272559983.35,42.43,70464,42.2,79203.07,34.39,34.51,192,1212,60,0,0,0,232704,3.03,32,5,32,10,27.3,42.66,30,46.88,111,0x7f0c92600000,0x7f0c930a7000,11169792,65,34,10908.0,0.0,0.0
cfd,missile0.2M,h_areas,0,cuda_time_step,825377747.25,78.51,28659,1226898752.29,78.51,23296,26.62,24693.95,6.41,16.2,192,1212,22,0,0,0,232704,1.52,32,14,32,10,48.53,75.83,60,93.75,111,0x7f0c92000000,0x7f0c920e3400,930816,5,52,1024.0,0.0,0.0
cfd,missile0.2M,h_elements_surrounding_elements,1,cuda_time_step,825377747.25,78.51,28659,1226898752.29,78.51,23296,26.62,24693.95,6.41,16.2,192,1212,22,0,0,0,232704,1.52,32,14,32,10,48.53,75.83,60,93.75,111,0x7f0c92200000,0x7f0c9258d000,3723264,20,26,3636.0,0.0,0.0
cfd,missile0.2M,h_normals,2,cuda_time_step,825377747.25,78.51,28659,1226898752.29,78.51,23296,26.62,24693.95,6.41,16.2,192,1212,22,0,0,0,232704,1.52,32,14,32,10,48.53,75.83,60,93.75,111,0x7f0c92600000,0x7f0c930a7000,11169792,65,34,10908.0,0.0,0.0
cfd,missile0.2M,h_areas,0,cuda_compute_step_factor,809917355.37,57.57,18569,1195452393.25,57.57,15488,17.99,15842.77,29.68,13.77,192,1212,20,0,0,0,232704,1.52,32,14,32,10,47.53,74.27,60,93.75,111,0x7f0c92000000,0x7f0c920e3400,930816,5,52,1024.0,0.0,0.0
cfd,missile0.2M,h_elements_surrounding_elements,1,cuda_compute_step_factor,809917355.37,57.57,18569,1195452393.25,57.57,15488,17.99,15842.77,29.68,13.77,192,1212,20,0,0,0,232704,1.52,32,14,32,10,47.53,74.27,60,93.75,111,0x7f0c92200000,0x7f0c9258d000,3723264,20,26,3636.0,0.0,0.0
cfd,missile0.2M,h_normals,2,cuda_compute_step_factor,809917355.37,57.57,18569,1195452393.25,57.57,15488,17.99,15842.77,29.68,13.77,192,1212,20,0,0,0,232704,1.52,32,14,32,10,47.53,74.27,60,93.75,111,0x7f0c92600000,0x7f0c930a7000,11169792,65,34,10908.0,0.0,0.0
cfd,missile0.2M,h_areas,0,cuda_compute_flux,852241537.05,43.16,88433,1259456484.45,43.16,69952,42.94,79568.76,34.99,34.09,192,1212,60,0,0,0,232704,3.03,32,5,32,10,27.28,42.63,30,46.88,111,0x7f0c92000000,0x7f0c920e3400,930816,5,52,1024.0,0.0,0.0
cfd,missile0.2M,h_elements_surrounding_elements,1,cuda_compute_flux,852241537.05,43.16,88433,1259456484.45,43.16,69952,42.94,79568.76,34.99,34.09,192,1212,60,0,0,0,232704,3.03,32,5,32,10,27.28,42.63,30,46.88,111,0x7f0c92200000,0x7f0c9258d000,3723264,20,26,3636.0,0.0,0.0
cfd,missile0.2M,h_normals,2,cuda_compute_flux,852241537.05,43.16,88433,1259456484.45,43.16,69952,42.94,79568.76,34.99,34.09,192,1212,60,0,0,0,232704,3.03,32,5,32,10,27.28,42.63,30,46.88,111,0x7f0c92600000,0x7f0c930a7000,11169792,65,34,10908.0,0.0,0.0
cfd,missile0.2M,h_areas,0,cuda_time_step,843750000.0,77.83,28966,1254188368.06,77.83,23040,26.3,24642.34,6.33,16.23,192,1212,22,0,0,0,232704,1.52,32,14,32,10,48.89,76.39,60,93.75,111,0x7f0c92000000,0x7f0c920e3400,930816,5,52,1024.0,0.0,0.0
cfd,missile0.2M,h_elements_surrounding_elements,1,cuda_time_step,843750000.0,77.83,28966,1254188368.06,77.83,23040,26.3,24642.34,6.33,16.23,192,1212,22,0,0,0,232704,1.52,32,14,32,10,48.89,76.39,60,93.75,111,0x7f0c92200000,0x7f0c9258d000,3723264,20,26,3636.0,0.0,0.0
cfd,missile0.2M,h_normals,2,cuda_time_step,843750000.0,77.83,28966,1254188368.06,77.83,23040,26.3,24642.34,6.33,16.23,192,1212,22,0,0,0,232704,1.52,32,14,32,10,48.89,76.39,60,93.75,111,0x7f0c92600000,0x7f0c930a7000,11169792,65,34,10908.0,0.0,0.0
cfd,missile0.2M,h_areas,0,cuda_compute_flux,854779411.76,43.21,88326,1263284122.24,43.21,69632,42.8,80504.6,34.5,33.74,192,1212,60,0,0,0,232704,3.03,32,5,32,10,27.15,42.42,30,46.88,111,0x7f0c92000000,0x7f0c920e3400,930816,5,52,1024.0,0.0,0.0
cfd,missile0.2M,h_elements_surrounding_elements,1,cuda_compute_flux,854779411.76,43.21,88326,1263284122.24,43.21,69632,42.8,80504.6,34.5,33.74,192,1212,60,0,0,0,232704,3.03,32,5,32,10,27.15,42.42,30,46.88,111,0x7f0c92200000,0x7f0c9258d000,3723264,20,26,3636.0,0.0,0.0
cfd,missile0.2M,h_normals,2,cuda_compute_flux,854779411.76,43.21,88326,1263284122.24,43.21,69632,42.8,80504.6,34.5,33.74,192,1212,60,0,0,0,232704,3.03,32,5,32,10,27.15,42.42,30,46.88,111,0x7f0c92600000,0x7f0c930a7000,11169792,65,34,10908.0,0.0,0.0
cfd,missile0.2M,h_areas,0,cuda_time_step,845902203.86,77.03,29298,1258164026.63,77.03,23232,26.02,24243.12,6.26,16.5,192,1212,22,0,0,0,232704,1.52,32,14,32,10,50.35,78.66,60,93.75,111,0x7f0c92000000,0x7f0c920e3400,930816,5,52,1024.0,0.0,0.0
cfd,missile0.2M,h_elements_surrounding_elements,1,cuda_time_step,845902203.86,77.03,29298,1258164026.63,77.03,23232,26.02,24243.12,6.26,16.5,192,1212,22,0,0,0,232704,1.52,32,14,32,10,50.35,78.66,60,93.75,111,0x7f0c92200000,0x7f0c9258d000,3723264,20,26,3636.0,0.0,0.0
cfd,missile0.2M,h_normals,2,cuda_time_step,845902203.86,77.03,29298,1258164026.63,77.03,23232,26.02,24243.12,6.26,16.5,192,1212,22,0,0,0,232704,1.52,32,14,32,10,50.35,78.66,60,93.75,111,0x7f0c92600000,0x7f0c930a7000,11169792,65,34,10908.0,0.0,0.0
cfd,missile0.2M,h_areas,0,cuda_compute_flux,861766065.65,43.05,88508,1274055131.76,43.05,69216,42.97,78518.8,34.08,34.63,192,1212,60,0,0,0,232704,3.03,32,5,32,10,27.33,42.71,30,46.88,111,0x7f0c92000000,0x7f0c920e3400,930816,5,52,1024.0,0.0,0.0
cfd,missile0.2M,h_elements_surrounding_elements,1,cuda_compute_flux,861766065.65,43.05,88508,1274055131.76,43.05,69216,42.97,78518.8,34.08,34.63,192,1212,60,0,0,0,232704,3.03,32,5,32,10,27.33,42.71,30,46.88,111,0x7f0c92200000,0x7f0c9258d000,3723264,20,26,3636.0,0.0,0.0
cfd,missile0.2M,h_normals,2,cuda_compute_flux,861766065.65,43.05,88508,1274055131.76,43.05,69216,42.97,78518.8,34.08,34.63,192,1212,60,0,0,0,232704,3.03,32,5,32,10,27.33,42.71,30,46.88,111,0x7f0c92600000,0x7f0c930a7000,11169792,65,34,10908.0,0.0,0.0
cfd,missile0.2M,h_areas,0,cuda_time_step,852773826.46,78.92,28585,1267603129.45,78.92,22496,26.66,24185.12,6.42,16.54,192,1212,22,0,0,0,232704,1.52,32,14,32,10,48.96,76.5,60,93.75,111,0x7f0c92000000,0x7f0c920e3400,930816,5,52,1024.0,0.0,0.0
cfd,missile0.2M,h_elements_surrounding_elements,1,cuda_time_step,852773826.46,78.92,28585,1267603129.45,78.92,22496,26.66,24185.12,6.42,16.54,192,1212,22,0,0,0,232704,1.52,32,14,32,10,48.96,76.5,60,93.75,111,0x7f0c92200000,0x7f0c9258d000,3723264,20,26,3636.0,0.0,0.0
cfd,missile0.2M,h_normals,2,cuda_time_step,852773826.46,78.92,28585,1267603129.45,78.92,22496,26.66,24185.12,6.42,16.54,192,1212,22,0,0,0,232704,1.52,32,14,32,10,48.96,76.5,60,93.75,111,0x7f0c92600000,0x7f0c930a7000,11169792,65,34,10908.0,0.0,0.0
cfd,missile0.2M,h_areas,0,cuda_compute_step_factor,823513800.42,58.3,18375,1215620576.79,58.3,15072,18.17,15691.16,29.08,13.9,192,1212,20,0,0,0,232704,1.52,32,14,32,10,47.39,74.04,60,93.75,111,0x7f0c92000000,0x7f0c920e3400,930816,5,52,1024.0,0.0,0.0
cfd,missile0.2M,h_elements_surrounding_elements,1,cuda_compute_step_factor,823513800.42,58.3,18375,1215620576.79,58.3,15072,18.17,15691.16,29.08,13.9,192,1212,20,0,0,0,232704,1.52,32,14,32,10,47.39,74.04,60,93.75,111,0x7f0c92200000,0x7f0c9258d000,3723264,20,26,3636.0,0.0,0.0
cfd,missile0.2M,h_normals,2,cuda_compute_step_factor,823513800.42,58.3,18375,1215620576.79,58.3,15072,18.17,15691.16,29.08,13.9,192,1212,20,0,0,0,232704,1.52,32,14,32,10,47.39,74.04,60,93.75,111,0x7f0c92600000,0x7f0c930a7000,11169792,65,34,10908.0,0.0,0.0
cfd,missile0.2M,h_areas,0,cuda_compute_flux,855712335.0,42.73,89279,1265037077.07,42.73,70304,42.36,78430.77,33.73,34.64,192,1212,60,0,0,0,232704,3.03,32,5,32,10,27.31,42.68,30,46.88,111,0x7f0c92000000,0x7f0c920e3400,930816,5,52,1024.0,0.0,0.0
cfd,missile0.2M,h_elements_surrounding_elements,1,cuda_compute_flux,855712335.0,42.73,89279,1265037077.07,42.73,70304,42.36,78430.77,33.73,34.64,192,1212,60,0,0,0,232704,3.03,32,5,32,10,27.31,42.68,30,46.88,111,0x7f0c92200000,0x7f0c9258d000,3723264,20,26,3636.0,0.0,0.0
cfd,missile0.2M,h_normals,2,cuda_compute_flux,855712335.0,42.73,89279,1265037077.07,42.73,70304,42.36,78430.77,33.73,34.64,192,1212,60,0,0,0,232704,3.03,32,5,32,10,27.31,42.68,30,46.88,111,0x7f0c92600000,0x7f0c930a7000,11169792,65,34,10908.0,0.0,0.0
cfd,missile0.2M,h_areas,0,cuda_time_step,804878048.78,79.75,28311,1195961777.33,79.75,23616,26.9,24423.9,6.47,16.38,192,1212,22,0,0,0,232704,1.52,32,14,32,10,48.65,76.01,60,93.75,111,0x7f0c92000000,0x7f0c920e3400,930816,5,52,1024.0,0.0,0.0
cfd,missile0.2M,h_elements_surrounding_elements,1,cuda_time_step,804878048.78,79.75,28311,1195961777.33,79.75,23616,26.9,24423.9,6.47,16.38,192,1212,22,0,0,0,232704,1.52,32,14,32,10,48.65,76.01,60,93.75,111,0x7f0c92200000,0x7f0c9258d000,3723264,20,26,3636.0,0.0,0.0
cfd,missile0.2M,h_normals,2,cuda_time_step,804878048.78,79.75,28311,1195961777.33,79.75,23616,26.9,24423.9,6.47,16.38,192,1212,22,0,0,0,232704,1.52,32,14,32,10,48.65,76.01,60,93.75,111,0x7f0c92600000,0x7f0c930a7000,11169792,65,34,10908.0,0.0,0.0
cfd,missile0.2M,h_areas,0,cuda_compute_step_factor,767676767.68,59.35,18000,1133396464.65,59.35,15840,18.54,15769.46,29.19,13.83,192,1212,20,0,0,0,232704,1.52,32,14,32,10,47.22,73.78,60,93.75,111,0x7f0c92000000,0x7f0c920e3400,930816,5,52,1024.0,0.0,0.0
cfd,missile0.2M,h_elements_surrounding_elements,1,cuda_compute_step_factor,767676767.68,59.35,18000,1133396464.65,59.35,15840,18.54,15769.46,29.19,13.83,192,1212,20,0,0,0,232704,1.52,32,14,32,10,47.22,73.78,60,93.75,111,0x7f0c92200000,0x7f0c9258d000,3723264,20,26,3636.0,0.0,0.0
cfd,missile0.2M,h_normals,2,cuda_compute_step_factor,767676767.68,59.35,18000,1133396464.65,59.35,15840,18.54,15769.46,29.19,13.83,192,1212,20,0,0,0,232704,1.52,32,14,32,10,47.22,73.78,60,93.75,111,0x7f0c92600000,0x7f0c930a7000,11169792,65,34,10908.0,0.0,0.0
cfd,missile0.2M,h_areas,0,cuda_compute_step_factor,797955974.84,59.15,18021,1176930468.2,59.15,15264,18.54,15697.52,28.49,13.9,192,1212,20,0,0,0,232704,1.52,32,14,32,10,47.14,73.65,60,93.75,111,0x7f0c92000000,0x7f0c920e3400,930816,5,52,1024.0,0.0,0.0
cfd,missile0.2M,h_elements_surrounding_elements,1,cuda_compute_step_factor,797955974.84,59.15,18021,1176930468.2,59.15,15264,18.54,15697.52,28.49,13.9,192,1212,20,0,0,0,232704,1.52,32,14,32,10,47.14,73.65,60,93.75,111,0x7f0c92200000,0x7f0c9258d000,3723264,20,26,3636.0,0.0,0.0
cfd,missile0.2M,h_normals,2,cuda_compute_step_factor,797955974.84,59.15,18021,1176930468.2,59.15,15264,18.54,15697.52,28.49,13.9,192,1212,20,0,0,0,232704,1.52,32,14,32,10,47.14,73.65,60,93.75,111,0x7f0c92600000,0x7f0c930a7000,11169792,65,34,10908.0,0.0,0.0
cfd,missile0.2M,h_areas,0,cuda_compute_step_factor,811578947.37,58.5,18266,1198717105.26,58.5,15200,18.29,15668.51,27.67,13.92,192,1212,20,0,0,0,232704,1.52,32,14,32,10,47.48,74.19,60,93.75,111,0x7f0c92000000,0x7f0c920e3400,930816,5,52,1024.0,0.0,0.0
cfd,missile0.2M,h_elements_surrounding_elements,1,cuda_compute_step_factor,811578947.37,58.5,18266,1198717105.26,58.5,15200,18.29,15668.51,27.67,13.92,192,1212,20,0,0,0,232704,1.52,32,14,32,10,47.48,74.19,60,93.75,111,0x7f0c92200000,0x7f0c9258d000,3723264,20,26,3636.0,0.0,0.0
cfd,missile0.2M,h_normals,2,cuda_compute_step_factor,811578947.37,58.5,18266,1198717105.26,58.5,15200,18.29,15668.51,27.67,13.92,192,1212,20,0,0,0,232704,1.52,32,14,32,10,47.48,74.19,60,93.75,111,0x7f0c92600000,0x7f0c930a7000,11169792,65,34,10908.0,0.0,0.0
cfd,missile0.2M,h_areas,0,cuda_compute_step_factor,826881720.43,58.5,18208,1219713261.65,58.5,14880,18.35,15644.79,27.25,13.94,192,1212,20,0,0,0,232704,1.52,32,14,32,10,47.18,73.72,60,93.75,111,0x7f0c92000000,0x7f0c920e3400,930816,5,52,1024.0,0.0,0.0
cfd,missile0.2M,h_elements_surrounding_elements,1,cuda_compute_step_factor,826881720.43,58.5,18208,1219713261.65,58.5,14880,18.35,15644.79,27.25,13.94,192,1212,20,0,0,0,232704,1.52,32,14,32,10,47.18,73.72,60,93.75,111,0x7f0c92200000,0x7f0c9258d000,3723264,20,26,3636.0,0.0,0.0
cfd,missile0.2M,h_normals,2,cuda_compute_step_factor,826881720.43,58.5,18208,1219713261.65,58.5,14880,18.35,15644.79,27.25,13.94,192,1212,20,0,0,0,232704,1.52,32,14,32,10,47.18,73.72,60,93.75,111,0x7f0c92600000,0x7f0c930a7000,11169792,65,34,10908.0,0.0,0.0
cfd,missile0.2M,h_areas,0,cuda_compute_step_factor,828663793.1,58.74,18228,1223902209.05,58.74,14848,18.31,15641.73,26.93,13.95,192,1212,20,0,0,0,232704,1.52,32,14,32,10,46.71,72.98,60,93.75,111,0x7f0c92000000,0x7f0c920e3400,930816,5,52,1024.0,0.0,0.0
cfd,missile0.2M,h_elements_surrounding_elements,1,cuda_compute_step_factor,828663793.1,58.74,18228,1223902209.05,58.74,14848,18.31,15641.73,26.93,13.95,192,1212,20,0,0,0,232704,1.52,32,14,32,10,46.71,72.98,60,93.75,111,0x7f0c92200000,0x7f0c9258d000,3723264,20,26,3636.0,0.0,0.0
cfd,missile0.2M,h_normals,2,cuda_compute_step_factor,828663793.1,58.74,18228,1223902209.05,58.74,14848,18.31,15641.73,26.93,13.95,192,1212,20,0,0,0,232704,1.52,32,14,32,10,46.71,72.98,60,93.75,111,0x7f0c92600000,0x7f0c930a7000,11169792,65,34,10908.0,0.0,0.0
cfd,missile0.2M,h_areas,0,cuda_compute_step_factor,783505154.64,59.07,18023,1158140034.36,59.07,15520,18.53,15441.56,26.8,14.13,192,1212,20,0,0,0,232704,1.52,32,14,32,10,47.14,73.65,60,93.75,111,0x7f0c92000000,0x7f0c920e3400,930816,5,52,1024.0,0.0,0.0
cfd,missile0.2M,h_elements_surrounding_elements,1,cuda_compute_step_factor,783505154.64,59.07,18023,1158140034.36,59.07,15520,18.53,15441.56,26.8,14.13,192,1212,20,0,0,0,232704,1.52,32,14,32,10,47.14,73.65,60,93.75,111,0x7f0c92200000,0x7f0c9258d000,3723264,20,26,3636.0,0.0,0.0
cfd,missile0.2M,h_normals,2,cuda_compute_step_factor,783505154.64,59.07,18023,1158140034.36,59.07,15520,18.53,15441.56,26.8,14.13,192,1212,20,0,0,0,232704,1.52,32,14,32,10,47.14,73.65,60,93.75,111,0x7f0c92600000,0x7f0c930a7000,11169792,65,34,10908.0,0.0,0.0
