Benchmark,InputData,ID,Kernel,Memory Frequency,SOL FB,Elapsed Cycles,SM Frequency,Memory [%],Duration,SOL L2,SM Active Cycles,SM [%],SOL TEX,Block Size,Grid Size,Registers Per Thread,Shared Memory Configuration Size,Dynamic Shared Memory Per Block,Static Shared Memory Per Block,Threads,Waves Per SM,Block Limit SM,Block Limit Registers,Block Limit Shared Mem,Block Limit Warps,Achieved Active Warps Per SM,Achieved Occupancy,Theoretical Active Warps per SM,Theoretical Occupancy
cfd,097K,0,cuda_compute_step_factor,768683274.02,46.47,10251,1138271055.75,46.47,8992,13.61,8038.12,22.48,11.33,192,506,20,0,0,0,97152,0.63,32,14,32,10,30.72,48.00,60,93.75
cfd,097K,1,cuda_compute_flux,872404485.05,34.41,49831,1289451827.24,34.41,38528,30.54,37603.90,26.02,28.81,192,506,60,0,0,0,97152,1.27,32,5,32,10,25.03,39.11,30,46.88
cfd,097K,2,cuda_time_step,805194805.19,66.24,14764,1196117424.24,66.24,12320,21.59,11349.56,5.22,14.71,192,506,22,0,0,0,97152,0.63,32,14,32,10,34.09,53.26,60,93.75
cfd,097K,3,cuda_compute_flux,881048387.10,33.09,51774,1301285282.26,33.09,39680,29.46,39758.10,27.25,27.44,192,506,60,0,0,0,97152,1.27,32,5,32,10,24.01,37.51,30,46.88
cfd,097K,4,cuda_time_step,799212598.43,67.71,14494,1186365376.20,67.71,12192,21.99,11510.29,5.32,14.51,192,506,22,0,0,0,97152,0.63,32,14,32,10,33.93,53.02,60,93.75
cfd,097K,5,cuda_compute_flux,881584362.14,33.76,50783,1301491769.55,33.76,38880,30.10,38880.47,26.32,27.88,192,506,60,0,0,0,97152,1.27,32,5,32,10,24.42,38.16,30,46.88
cfd,097K,6,cuda_time_step,822418136.02,63.16,15549,1221623110.83,63.16,12704,20.49,11934.80,4.96,13.99,192,506,22,0,0,0,97152,0.63,32,14,32,10,33.91,52.99,60,93.75
cfd,097K,7,cuda_compute_step_factor,806381118.88,43.80,10951,1193582459.21,43.80,9152,12.75,8344.74,21.54,10.91,192,506,20,0,0,0,97152,0.63,32,14,32,10,30.01,46.89,60,93.75
cfd,097K,8,cuda_compute_flux,843037459.28,34.89,49003,1243786475.30,34.89,39296,31.06,39725.61,26.83,27.44,192,506,60,0,0,0,97152,1.27,32,5,32,10,23.43,36.60,30,46.88
cfd,097K,9,cuda_time_step,801020408.16,65.76,14947,1188549638.61,65.76,12544,21.34,11664.88,5.18,14.31,192,506,22,0,0,0,97152,0.63,32,14,32,10,33.95,53.04,60,93.75
cfd,097K,10,cuda_compute_flux,861365528.73,34.87,49032,1272251422.43,34.87,38432,31.15,39003.55,26.22,27.99,192,506,60,0,0,0,97152,1.27,32,5,32,10,24.03,37.55,30,46.88
cfd,097K,11,cuda_time_step,767948717.95,68.62,14245,1138087606.84,68.62,12480,22.39,11849.74,5.42,14.09,192,506,22,0,0,0,97152,0.63,32,14,32,10,33.95,53.04,60,93.75
cfd,097K,12,cuda_compute_flux,848206839.03,35.37,48148,1251172852.38,35.37,38368,31.68,37848.66,25.97,28.84,192,506,60,0,0,0,97152,1.27,32,5,32,10,24.37,38.08,30,46.88
cfd,097K,13,cuda_time_step,858725761.77,66.42,14740,1272838758.08,66.42,11552,21.64,11596.54,5.23,14.40,192,506,22,0,0,0,97152,0.63,32,14,32,10,33.83,52.86,60,93.75
cfd,097K,14,cuda_compute_step_factor,808510638.30,44.07,10812,1195183215.13,44.07,9024,12.91,8358.98,20.66,10.90,192,506,20,0,0,0,97152,0.63,32,14,32,10,29.90,46.72,60,93.75
cfd,097K,15,cuda_compute_flux,874580536.91,34.61,49411,1291277789.43,34.61,38144,30.91,38238.59,25.36,28.54,192,506,60,0,0,0,97152,1.27,32,5,32,10,24.52,38.32,30,46.88
cfd,097K,16,cuda_time_step,839832869.08,68.84,14361,1247809308.26,68.84,11488,22.19,11616.44,5.37,14.37,192,506,22,0,0,0,97152,0.63,32,14,32,10,33.71,52.67,60,93.75
cfd,097K,17,cuda_compute_flux,892765957.45,34.51,49739,1317752659.57,34.51,37600,30.68,37310.68,24.57,29.09,192,506,60,0,0,0,97152,1.27,32,5,32,10,24.27,37.93,30,46.88
cfd,097K,18,cuda_time_step,818306010.93,68.75,14251,1214224726.78,68.75,11712,22.36,11558.29,5.41,14.45,192,506,22,0,0,0,97152,0.63,32,14,32,10,33.88,52.94,60,93.75
cfd,097K,19,cuda_compute_flux,817842323.65,36.72,46644,1206241355.46,36.72,38560,32.69,36478.29,25.81,29.77,192,506,60,0,0,0,97152,1.27,32,5,32,10,24.67,38.54,30,46.88
cfd,097K,20,cuda_time_step,806216931.22,67.71,14519,1197654872.13,67.71,12096,21.96,12083.27,5.31,13.82,192,506,22,0,0,0,97152,0.63,32,14,32,10,33.92,53.00,60,93.75
cfd,097K,21,cuda_compute_step_factor,785964912.28,45.27,10639,1164126461.99,45.27,9120,13.12,8148.52,20.08,11.18,192,506,20,0,0,0,97152,0.63,32,14,32,10,30.19,47.18,60,93.75
cfd,097K,22,cuda_compute_flux,878695652.17,35.69,47836,1296046195.65,35.69,36800,31.85,37109.89,25.22,29.28,192,506,60,0,0,0,97152,1.27,32,5,32,10,24.34,38.04,30,46.88
cfd,097K,23,cuda_time_step,773076923.08,68.55,14356,1147823183.76,68.55,12480,22.21,11442.55,5.37,14.59,192,506,22,0,0,0,97152,0.63,32,14,32,10,33.97,53.07,60,93.75
cfd,097K,24,cuda_compute_flux,843878389.48,35.20,48646,1245065564.23,35.20,38944,31.32,38250.64,24.32,28.48,192,506,60,0,0,0,97152,1.27,32,5,32,10,24.17,37.76,30,46.88
cfd,097K,25,cuda_time_step,811314363.14,68.97,14232,1202376919.60,68.97,11808,22.41,11712.08,5.42,14.26,192,506,22,0,0,0,97152,0.63,32,14,32,10,33.72,52.68,60,93.75
cfd,097K,26,cuda_compute_flux,905612244.90,34.00,50486,1337545174.32,34.00,37632,29.94,37591.53,23.19,28.90,192,506,60,0,0,0,97152,1.27,32,5,32,10,24.36,38.06,30,46.88
cfd,097K,27,cuda_time_step,773182957.39,66.83,14690,1147269214.70,66.83,12768,21.71,11757.77,5.25,14.20,192,506,22,0,0,0,97152,0.63,32,14,32,10,33.93,53.01,60,93.75
cfd,097K,28,cuda_compute_step_factor,820000000,44.62,10687,1211893939.39,44.62,8800,13.06,8399.88,19.61,10.84,192,506,20,0,0,0,97152,0.63,32,14,32,10,30.39,47.49,60,93.75
cfd,097K,29,cuda_compute_flux,866332497.91,34.80,49111,1278900375.94,34.80,38304,31.16,37514.88,24.17,28.94,192,506,60,0,0,0,97152,1.27,32,5,32,10,23.96,37.44,30,46.88
cfd,097K,30,cuda_time_step,816326530.61,64.65,15257,1214604591.84,64.65,12544,20.87,11623.61,5.05,14.37,192,506,22,0,0,0,97152,0.63,32,14,32,10,34.05,53.20,60,93.75
cfd,097K,31,cuda_compute_flux,831662489.56,36.34,47139,1226477652.46,36.34,38304,32.35,37317.07,24.58,29.02,192,506,60,0,0,0,97152,1.27,32,5,32,10,24.76,38.68,30,46.88
cfd,097K,32,cuda_time_step,797697368.42,68.52,14425,1184429824.56,68.52,12160,22.08,11792.48,5.34,14.16,192,506,22,0,0,0,97152,0.63,32,14,32,10,33.86,52.91,60,93.75
cfd,097K,33,cuda_compute_flux,896969696.97,34.96,49077,1323421717.17,34.96,36960,30.95,36763.19,23.40,29.64,192,506,60,0,0,0,97152,1.27,32,5,32,10,24.72,38.62,30,46.88
cfd,097K,34,cuda_time_step,836461126.01,66.22,14852,1241663873.99,66.22,11936,21.45,11630.49,5.19,14.36,192,506,22,0,0,0,97152,0.63,32,14,32,10,33.81,52.83,60,93.75
cfd,097K,35,cuda_compute_step_factor,801444043.32,45.48,10522,1184754813.48,45.48,8864,13.26,8124.85,19.34,11.21,192,506,20,0,0,0,97152,0.63,32,14,32,10,30.44,47.56,60,93.75
cfd,097K,36,cuda_compute_flux,860924369.75,35.28,48582,1270894607.84,35.28,38080,31.33,38085.21,23.86,28.55,192,506,60,0,0,0,97152,1.27,32,5,32,10,24.34,38.03,30,46.88
cfd,097K,37,cuda_time_step,743842364.53,68.35,14369,1103140394.09,68.35,12992,22.19,11432.49,5.37,14.61,192,506,22,0,0,0,97152,0.63,32,14,32,10,33.93,53.02,60,93.75
cfd,097K,38,cuda_compute_flux,889948006.93,35.24,48699,1314151863.08,35.24,36928,31.12,36583.01,23.36,29.55,192,506,60,0,0,0,97152,1.27,32,5,32,10,24.68,38.56,30,46.88
cfd,097K,39,cuda_time_step,826086956.52,67.89,14467,1225883152.17,67.89,11776,22.04,11460.08,5.33,14.57,192,506,22,0,0,0,97152,0.63,32,14,32,10,34.02,53.15,60,93.75
cfd,097K,40,cuda_compute_flux,865261130.14,35.78,47845,1276772973.74,35.78,37376,31.77,36627.45,23.56,29.71,192,506,60,0,0,0,97152,1.27,32,5,32,10,24.09,37.64,30,46.88
cfd,097K,41,cuda_time_step,831250000,65.18,15032,1233648574.56,65.18,12160,21.20,11695.90,5.14,14.28,192,506,22,0,0,0,97152,0.63,32,14,32,10,33.91,52.99,60,93.75
cfd,097K,42,cuda_compute_step_factor,792727272.73,46.32,10322,1170814393.94,46.32,8800,13.52,8215.62,19.36,11.09,192,506,20,0,0,0,97152,0.63,32,14,32,10,30.42,47.53,60,93.75
cfd,097K,43,cuda_compute_flux,874261603.38,34.95,49088,1290589838.26,34.95,37920,31.05,37991.24,23.24,28.47,192,506,60,0,0,0,97152,1.27,32,5,32,10,24.33,38.01,30,46.88
cfd,097K,44,cuda_time_step,763959390.86,68.61,14332,1134213726.73,68.61,12608,22.23,11475.62,5.38,14.55,192,506,22,0,0,0,97152,0.63,32,14,32,10,33.96,53.07,60,93.75
cfd,097K,45,cuda_compute_flux,899913344.89,34.90,49164,1328179159.45,34.90,36928,31.00,36083.84,22.74,29.94,192,506,60,0,0,0,97152,1.27,32,5,32,10,24.20,37.81,30,46.88
cfd,097K,46,cuda_time_step,797900262.47,67.92,14468,1183932086.61,67.92,12192,22.03,11457.10,5.33,14.57,192,506,22,0,0,0,97152,0.63,32,14,32,10,33.97,53.08,60,93.75
cfd,097K,47,cuda_compute_flux,861809045.23,35.12,48764,1272277184.53,35.12,38208,31.15,36484.11,22.75,29.51,192,506,60,0,0,0,97152,1.27,32,5,32,10,24.87,38.85,30,46.88
cfd,097K,48,cuda_time_step,876750700.28,65.91,14925,1303352591.04,65.91,11424,21.37,11554.54,5.17,14.45,192,506,22,0,0,0,97152,0.63,32,14,32,10,33.87,52.92,60,93.75
cfd,097K,49,cuda_compute_step_factor,797794117.65,46.31,10284,1179055606.62,46.31,8704,13.57,8016.31,18.98,11.36,192,506,20,0,0,0,97152,0.63,32,14,32,10,30.19,47.16,60,93.75
cfd,097K,50,cuda_compute_flux,872932985.20,35.99,47543,1289078365.25,35.99,36768,32.10,36450.69,23.52,29.85,192,506,60,0,0,0,97152,1.27,32,5,32,10,24.98,39.04,30,46.88
cfd,097K,51,cuda_time_step,804232804.23,68.04,14473,1193300815.70,68.04,12096,22.04,11667.74,5.34,14.31,192,506,22,0,0,0,97152,0.63,32,14,32,10,33.87,52.92,60,93.75
cfd,097K,52,cuda_compute_flux,886500429.92,35.06,48837,1308787439.09,35.06,37216,31.28,37161.62,22.54,29.22,192,506,60,0,0,0,97152,1.27,32,5,32,10,24.26,37.90,30,46.88
cfd,097K,53,cuda_time_step,841095890.41,67.75,14598,1247017694.06,67.75,11680,21.84,11911.36,5.28,14.02,192,506,22,0,0,0,97152,0.63,32,14,32,10,33.96,53.07,60,93.75
cfd,097K,54,cuda_compute_flux,833474218.09,36.70,46701,1229320759.37,36.70,37856,32.50,36272.16,23.46,29.88,192,506,60,0,0,0,97152,1.27,32,5,32,10,25.14,39.28,30,46.88
cfd,097K,55,cuda_time_step,819948186.53,65.43,15088,1218736506.91,65.43,12352,21.13,11546.83,5.11,14.46,192,506,22,0,0,0,97152,0.63,32,14,32,10,33.73,52.71,60,93.75
cfd,097K,56,cuda_compute_step_factor,807692307.69,45.70,10470,1196371337.00,45.70,8736,13.32,8074.90,18.49,11.28,192,506,20,0,0,0,97152,0.63,32,14,32,10,29.99,46.85,60,93.75
cfd,097K,57,cuda_compute_flux,851036269.43,36.69,46656,1254727079.74,36.69,37056,32.61,35510.56,23.80,30.63,192,506,60,0,0,0,97152,1.27,32,5,32,10,25.14,39.28,30,46.88
cfd,097K,58,cuda_time_step,812997347.48,67.18,14582,1206578801.95,67.18,12064,21.85,11947.73,5.29,13.98,192,506,22,0,0,0,97152,0.63,32,14,32,10,33.85,52.89,60,93.75
cfd,097K,59,cuda_compute_flux,864510489.51,36.55,46807,1274197807.40,36.55,36608,32.57,35320.72,23.30,30.79,192,506,60,0,0,0,97152,1.27,32,5,32,10,24.99,39.05,30,46.88
cfd,097K,60,cuda_time_step,782278481.01,66.86,14689,1159783755.27,66.86,12640,21.71,11607.54,5.27,14.39,192,506,22,0,0,0,97152,0.63,32,14,32,10,33.97,53.07,60,93.75
cfd,097K,61,cuda_compute_flux,857638888.89,36.49,46809,1265430591.72,36.49,36864,32.49,36173.70,23.19,29.85,192,506,60,0,0,0,97152,1.27,32,5,32,10,24.61,38.45,30,46.88
cfd,097K,62,cuda_time_step,821038251.37,69.07,14292,1218579234.97,69.07,11712,22.28,11638.49,5.39,14.35,192,506,22,0,0,0,97152,0.63,32,14,32,10,34.02,53.16,60,93.75
cfd,097K,63,cuda_compute_step_factor,804029304.03,46.00,10417,1189980158.73,46.00,8736,13.39,8048.86,18.28,11.32,192,506,20,0,0,0,97152,0.63,32,14,32,10,30.12,47.06,60,93.75
cfd,097K,64,cuda_compute_flux,856223175.97,36.32,47237,1262942596.57,36.32,37280,32.29,34961.03,23.20,31.14,192,506,60,0,0,0,97152,1.27,32,5,32,10,24.88,38.87,30,46.88
cfd,097K,65,cuda_time_step,786082474.23,67.85,14515,1165807560.14,67.85,12416,21.96,11939.67,5.32,13.99,192,506,22,0,0,0,97152,0.63,32,14,32,10,34.21,53.45,60,93.75
cfd,097K,66,cuda_compute_flux,842639593.91,36.42,47190,1243447722.79,36.42,37824,32.28,36099.04,22.91,30.02,192,506,60,0,0,0,97152,1.27,32,5,32,10,25.17,39.32,30,46.88
cfd,097K,67,cuda_time_step,766331658.29,68.11,14525,1137981574.54,68.11,12736,21.94,11531.98,5.31,14.48,192,506,22,0,0,0,97152,0.63,32,14,32,10,33.83,52.85,60,93.75
cfd,097K,68,cuda_compute_flux,861492281.30,36.04,47601,1271489958.55,36.04,37312,32.04,35818.38,22.61,30.34,192,506,60,0,0,0,97152,1.27,32,5,32,10,24.80,38.75,30,46.88
cfd,097K,69,cuda_time_step,841791979.95,61.58,16019,1251279239.77,61.58,12768,19.91,11414.58,4.82,14.63,192,506,22,0,0,0,97152,0.63,32,14,32,10,33.85,52.89,60,93.75
cfd,097K,70,cuda_compute_step_factor,798913043.48,45.71,10460,1181782155.80,45.71,8832,13.34,8043.91,18.00,11.32,192,506,20,0,0,0,97152,0.63,32,14,32,10,29.97,46.82,60,93.75
cfd,097K,71,cuda_compute_flux,824525185.80,36.23,47302,1216517857.14,36.23,38752,32.27,36203.32,22.98,29.99,192,506,60,0,0,0,97152,1.27,32,5,32,10,24.59,38.43,30,46.88
cfd,097K,72,cuda_time_step,784974093.26,68.54,14436,1165506260.79,68.54,12352,22.07,11496.92,5.35,14.52,192,506,22,0,0,0,97152,0.63,32,14,32,10,33.87,52.91,60,93.75
cfd,097K,73,cuda_compute_flux,859148936.17,35.81,47848,1268014184.40,35.81,37600,31.86,36205.86,22.42,29.97,192,506,60,0,0,0,97152,1.27,32,5,32,10,25.10,39.22,30,46.88
cfd,097K,74,cuda_time_step,816272965.88,66.79,14815,1212037948.38,66.79,12192,21.53,12397.59,5.21,13.47,192,506,22,0,0,0,97152,0.63,32,14,32,10,34.03,53.17,60,93.75
cfd,097K,75,cuda_compute_flux,857510729.61,36.28,47344,1265504291.85,36.28,37280,32.08,36043.06,22.57,30.08,192,506,60,0,0,0,97152,1.27,32,5,32,10,24.36,38.06,30,46.88
cfd,097K,76,cuda_time_step,891428571.43,66.23,14841,1321949404.76,66.23,11200,21.48,11761.05,5.20,14.20,192,506,22,0,0,0,97152,0.63,32,14,32,10,33.72,52.68,60,93.75
cfd,097K,77,cuda_compute_step_factor,814814814.81,45.34,10444,1206616512.35,45.34,8640,13.36,7969.76,17.85,11.43,192,506,20,0,0,0,97152,0.63,32,14,32,10,30.30,47.35,60,93.75
cfd,097K,78,cuda_compute_flux,860169491.53,35.73,48075,1269341454.80,35.73,37760,31.75,36897.89,22.40,29.41,192,506,60,0,0,0,97152,1.27,32,5,32,10,24.21,37.83,30,46.88
cfd,097K,79,cuda_time_step,791450777.20,67.58,14554,1174964917.96,67.58,12352,21.91,11680.91,5.30,14.30,192,506,22,0,0,0,97152,0.63,32,14,32,10,33.87,52.92,60,93.75
cfd,097K,80,cuda_compute_flux,866900175.13,36.55,46875,1278924036.78,36.55,36544,32.36,36102.25,22.70,30.06,192,506,60,0,0,0,97152,1.27,32,5,32,10,24.93,38.96,30,46.88
cfd,097K,81,cuda_time_step,807792207.79,66.26,14796,1198214285.71,66.26,12320,21.55,11506.96,5.21,14.51,192,506,22,0,0,0,97152,0.63,32,14,32,10,34.01,53.14,60,93.75
cfd,097K,82,cuda_compute_flux,842016806.72,36.04,47448,1241916141.46,36.04,38080,32.09,35707.74,22.36,30.28,192,506,60,0,0,0,97152,1.27,32,5,32,10,25.25,39.45,30,46.88
cfd,097K,83,cuda_time_step,831134564.64,65.51,14996,1234265061.57,65.51,12128,21.25,11804.54,5.14,14.15,192,506,22,0,0,0,97152,0.63,32,14,32,10,33.93,53.02,60,93.75
cfd,097K,84,cuda_compute_step_factor,803703703.70,46.50,10326,1192554012.35,46.50,8640,13.52,8046.39,17.91,11.32,192,506,20,0,0,0,97152,0.63,32,14,32,10,30.40,47.49,60,93.75
cfd,097K,85,cuda_compute_flux,817651956.70,36.79,46527,1206711421.04,36.79,38432,32.87,35508.06,22.99,30.45,192,506,60,0,0,0,97152,1.27,32,5,32,10,24.84,38.81,30,46.88
cfd,097K,86,cuda_time_step,778067885.12,69.91,14176,1153285465.62,69.91,12256,22.51,11739.49,5.45,14.22,192,506,22,0,0,0,97152,0.63,32,14,32,10,33.73,52.70,60,93.75
cfd,097K,87,cuda_compute_flux,834605597.96,36.86,46589,1231247349.45,36.86,37728,32.61,36626.94,22.70,29.40,192,506,60,0,0,0,97152,1.27,32,5,32,10,25.05,39.14,30,46.88
cfd,097K,88,cuda_time_step,837730870.71,65.27,15122,1244365655.23,65.27,12128,21.08,11495.12,5.10,14.53,192,506,22,0,0,0,97152,0.63,32,14,32,10,33.77,52.76,60,93.75
cfd,097K,89,cuda_compute_flux,883259911.89,36.03,47459,1302349486.05,36.03,36320,32.13,35950.22,22.25,29.91,192,506,60,0,0,0,97152,1.27,32,5,32,10,24.94,38.98,30,46.88
cfd,097K,90,cuda_time_step,770512820.51,68.51,14318,1144925213.68,68.51,12480,22.24,11676.70,5.39,14.30,192,506,22,0,0,0,97152,0.63,32,14,32,10,33.70,52.66,60,93.75
cfd,097K,91,cuda_compute_step_factor,809523809.52,45.31,10507,1200549450.55,45.31,8736,13.28,7957.27,17.50,11.45,192,506,20,0,0,0,97152,0.63,32,14,32,10,30.37,47.46,60,93.75
cfd,097K,92,cuda_compute_flux,846351931.33,36.68,46684,1247795958.51,36.68,37280,32.59,35172.75,22.80,30.76,192,506,60,0,0,0,97152,1.27,32,5,32,10,24.87,38.86,30,46.88
cfd,097K,93,cuda_time_step,779487179.49,68.01,14469,1156583867.52,68.01,12480,22.04,11659.59,5.33,14.32,192,506,22,0,0,0,97152,0.63,32,14,32,10,33.84,52.87,60,93.75
cfd,097K,94,cuda_compute_flux,873368146.21,36.14,47517,1287859007.83,36.14,36768,31.97,35940.72,22.18,29.91,192,506,60,0,0,0,97152,1.27,32,5,32,10,25.21,39.40,30,46.88
cfd,097K,95,cuda_time_step,840659340.66,67.48,14553,1247166895.60,67.48,11648,21.91,11819.90,5.30,14.13,192,506,22,0,0,0,97152,0.63,32,14,32,10,34.11,53.30,60,93.75
cfd,097K,96,cuda_compute_flux,873036649.21,36.19,47377,1287144597.15,36.19,36672,32.14,34939.53,22.20,31.06,192,506,60,0,0,0,97152,1.27,32,5,32,10,25.24,39.44,30,46.88
cfd,097K,97,cuda_time_step,755639097.74,68.55,14340,1121201441.10,68.55,12768,22.21,11497.75,5.38,14.52,192,506,22,0,0,0,97152,0.63,32,14,32,10,33.63,52.55,60,93.75
cfd,097K,98,cuda_compute_step_factor,797397769.52,46.87,10180,1180181226.77,46.87,8608,13.71,7876.95,17.92,11.56,192,506,20,0,0,0,97152,0.63,32,14,32,10,30.24,47.25,60,93.75
cfd,097K,99,cuda_compute_flux,882887817.70,36.03,47739,1302704133.80,36.03,36512,31.89,36586.91,22.18,29.62,192,506,60,0,0,0,97152,1.27,32,5,32,10,24.44,38.20,30,46.88
cfd,193K,0,cuda_compute_step_factor,774376417.23,56.15,16211,1145514455.78,56.15,14112,17.14,14051.42,28.27,12.91,192,1008,20,0,0,0,193536,1.26,32,14,32,10,47.03,73.48,60,93.75
cfd,193K,1,cuda_compute_flux,849375650.36,40.87,77535,1256568678.46,42.15,61504,42.15,68877.12,33.31,34.18,192,1008,60,0,0,0,193536,2.52,32,5,32,10,26.63,41.61,30,46.88
cfd,193K,2,cuda_time_step,857589984.35,73.25,26131,1275267344.81,73.25,20448,24.29,20729.53,5.84,16.05,192,1008,22,0,0,0,193536,1.26,32,14,32,10,49.69,77.64,60,93.75
cfd,193K,3,cuda_compute_flux,859752959.34,40.00,79375,1271704516.21,41.70,62176,41.70,72583.76,35.46,32.65,192,1008,60,0,0,0,193536,2.52,32,5,32,10,25.68,40.12,30,46.88
cfd,193K,4,cuda_time_step,882400000,72.62,26304,1312258333.33,72.62,20000,24.13,20217.79,5.80,16.45,192,1008,22,0,0,0,193536,1.26,32,14,32,10,50.22,78.48,60,93.75
cfd,193K,5,cuda_compute_flux,874933757.29,40.51,78378,1293557344.11,42.13,60384,42.13,71112.19,34.06,33.18,192,1008,60,0,0,0,193536,2.52,32,5,32,10,25.81,40.33,30,46.88
cfd,193K,6,cuda_time_step,817567567.57,73.97,25982,1216568130.63,73.97,21312,24.42,20891.42,5.87,15.92,192,1008,22,0,0,0,193536,1.26,32,14,32,10,50.67,79.17,60,93.75
cfd,193K,7,cuda_compute_step_factor,823974082.07,50.38,18112,1220099892.01,50.38,14816,15.33,14156.45,26.24,12.82,192,1008,20,0,0,0,193536,1.26,32,14,32,10,46.73,73.01,60,93.75
cfd,193K,8,cuda_compute_flux,862140992.17,40.57,78372,1274192232.38,41.88,61280,41.88,71443.77,33.84,32.81,192,1008,60,0,0,0,193536,2.52,32,5,32,10,25.73,40.21,30,46.88
cfd,193K,9,cuda_time_step,864632237.87,72.85,26361,1286197509.13,72.85,20448,24.08,21187.35,5.79,15.70,192,1008,22,0,0,0,193536,1.26,32,14,32,10,47.86,74.78,60,93.75
cfd,193K,10,cuda_compute_flux,859325605.90,41.03,77387,1270119863.01,42.21,60736,42.21,70806.94,33.67,32.93,192,1008,60,0,0,0,193536,2.52,32,5,32,10,25.85,40.40,30,46.88
cfd,193K,11,cuda_time_step,829007633.59,74.20,25871,1231226145.04,74.20,20960,24.53,21055.16,5.90,15.80,192,1008,22,0,0,0,193536,1.26,32,14,32,10,47.79,74.67,60,93.75
cfd,193K,12,cuda_compute_flux,838288993.22,41.62,76300,1238692183.97,42.78,61344,42.78,70087.18,33.40,33.39,192,1008,60,0,0,0,193536,2.52,32,5,32,10,25.65,40.08,30,46.88
cfd,193K,13,cuda_time_step,859872611.46,74.32,25730,1277526207.54,74.32,20096,24.64,21098.31,5.93,15.77,192,1008,22,0,0,0,193536,1.26,32,14,32,10,47.50,74.23,60,93.75
cfd,193K,14,cuda_compute_step_factor,807947019.87,51.97,17369,1195019315.67,51.97,14496,15.99,14096.60,26.07,12.87,192,1008,20,0,0,0,193536,1.26,32,14,32,10,46.30,72.35,60,93.75
cfd,193K,15,cuda_compute_flux,843846949.33,40.98,77482,1247455080.14,42.29,61888,42.29,69875.62,32.81,33.66,192,1008,60,0,0,0,193536,2.52,32,5,32,10,25.56,39.93,30,46.88
cfd,193K,16,cuda_time_step,841307814.99,76.06,25127,1249044723.55,76.06,20064,25.25,20850.66,6.08,15.95,192,1008,22,0,0,0,193536,1.26,32,14,32,10,48.08,75.13,60,93.75
cfd,193K,17,cuda_compute_flux,880149812.73,40.68,78072,1300567371.14,41.88,59808,41.88,69258.04,31.85,33.74,192,1008,60,0,0,0,193536,2.52,32,5,32,10,25.78,40.27,30,46.88
cfd,193K,18,cuda_time_step,845786963.43,75.57,25361,1256698794.38,75.57,20128,25.01,20583.51,6.02,16.16,192,1008,22,0,0,0,193536,1.26,32,14,32,10,48.50,75.78,60,93.75
cfd,193K,19,cuda_compute_flux,846133474.58,41.87,75768,1249382062.15,43.11,60416,43.11,69612.50,32.41,33.56,192,1008,60,0,0,0,193536,2.52,32,5,32,10,25.84,40.37,30,46.88
cfd,193K,20,cuda_time_step,836479198.77,73.98,25910,1244189779.15,73.98,20768,24.48,20882.89,5.89,15.93,192,1008,22,0,0,0,193536,1.26,32,14,32,10,48.39,75.61,60,93.75
cfd,193K,21,cuda_compute_step_factor,790099557.52,53.47,16954,1169328447.64,53.47,14464,16.38,14462.95,25.69,12.55,192,1008,20,0,0,0,193536,1.26,32,14,32,10,45.37,70.90,60,93.75
cfd,193K,22,cuda_compute_flux,879514824.80,41.00,77430,1299435646.90,42.10,59360,42.10,68953.70,31.74,33.85,192,1008,60,0,0,0,193536,2.52,32,5,32,10,25.70,40.15,30,46.88
cfd,193K,23,cuda_time_step,807981927.71,74.91,25546,1199924698.80,74.91,21248,24.81,20994.67,5.98,15.84,192,1008,22,0,0,0,193536,1.26,32,14,32,10,47.74,74.60,60,93.75
cfd,193K,24,cuda_compute_flux,845483359.75,41.81,75959,1249295650.64,43.07,60576,43.07,69142.46,31.84,33.77,192,1008,60,0,0,0,193536,2.52,32,5,32,10,26.12,40.82,30,46.88
cfd,193K,25,cuda_time_step,826771653.54,76.76,25039,1229224081.36,76.76,20320,25.35,20090.66,6.10,16.56,192,1008,22,0,0,0,193536,1.26,32,14,32,10,49.93,78.02,60,93.75
cfd,193K,26,cuda_compute_flux,847266035.75,41.50,76435,1252004468.98,42.48,60864,42.48,68789.11,31.24,34.09,192,1008,60,0,0,0,193536,2.52,32,5,32,10,25.90,40.47,30,46.88
cfd,193K,27,cuda_time_step,813161875.95,74.95,25611,1207860564.80,74.95,21152,24.74,20580.20,5.96,16.16,192,1008,22,0,0,0,193536,1.26,32,14,32,10,48.25,75.39,60,93.75
cfd,193K,28,cuda_compute_step_factor,815909090.91,53.00,17028,1206510416.67,53.00,14080,16.31,14162.95,25.06,12.81,192,1008,20,0,0,0,193536,1.26,32,14,32,10,45.07,70.42,60,93.75
cfd,193K,29,cuda_compute_flux,854110693.18,42.07,75479,1262409322.94,43.52,59552,43.52,69455.23,32.04,33.56,192,1008,60,0,0,0,193536,2.52,32,5,32,10,25.62,40.03,30,46.88
cfd,193K,30,cuda_time_step,832317073.17,73.66,26049,1238209794.21,73.66,20992,24.35,21427,5.86,15.52,192,1008,22,0,0,0,193536,1.26,32,14,32,10,51.33,80.21,60,93.75
cfd,193K,31,cuda_compute_flux,873358862.14,41.92,75801,1290227821.85,43.15,58496,43.15,68070.30,31.17,34.41,192,1008,60,0,0,0,193536,2.52,32,5,32,10,25.74,40.22,30,46.88
cfd,193K,32,cuda_time_step,832558139.53,74.96,25584,1235973837.21,74.96,20640,24.83,20373.49,5.97,16.33,192,1008,22,0,0,0,193536,1.26,32,14,32,10,50.15,78.36,60,93.75
cfd,193K,33,cuda_compute_flux,849219170.71,42.41,74825,1253811591.28,43.61,59424,43.61,68242.51,31.30,34.15,192,1008,60,0,0,0,193536,2.52,32,5,32,10,25.92,40.50,30,46.88
cfd,193K,34,cuda_time_step,820336391.44,74.93,25573,1218590723.75,74.93,20928,24.82,20752.69,5.97,16.03,192,1008,22,0,0,0,193536,1.26,32,14,32,10,49.19,76.86,60,93.75
cfd,193K,35,cuda_compute_step_factor,803203661.33,54.26,16666,1188584572.85,54.26,13984,16.67,13755.59,24.87,13.19,192,1008,20,0,0,0,193536,1.26,32,14,32,10,45.07,70.42,60,93.75
cfd,193K,36,cuda_compute_flux,850830208.89,42.13,75431,1256960252.63,43.33,59744,43.33,67758.55,31.26,34.59,192,1008,60,0,0,0,193536,2.52,32,5,32,10,25.96,40.56,30,46.88
cfd,193K,37,cuda_time_step,853543307.09,74.21,25832,1268093832.02,74.21,20320,24.53,20700.05,5.91,16.07,192,1008,22,0,0,0,193536,1.26,32,14,32,10,48.14,75.22,60,93.75
cfd,193K,38,cuda_compute_flux,868406889.13,41.49,76615,1283088894.87,42.69,59456,42.69,67978.90,30.26,34.57,192,1008,60,0,0,0,193536,2.52,32,5,32,10,25.92,40.50,30,46.88
cfd,193K,39,cuda_time_step,845786963.43,75.63,25372,1257237016.43,75.63,20128,25.03,20588.21,6.02,16.16,192,1008,22,0,0,0,193536,1.26,32,14,32,10,50.05,78.21,60,93.75
cfd,193K,40,cuda_compute_flux,858654367.88,42.33,75111,1268083627.24,43.53,58976,43.53,67516.49,30.60,34.52,192,1008,60,0,0,0,193536,2.52,32,5,32,10,25.82,40.34,30,46.88
cfd,193K,41,cuda_time_step,824451410.66,76.27,25098,1226284939.92,76.27,20416,25.29,20633.44,6.09,16.12,192,1008,22,0,0,0,193536,1.26,32,14,32,10,49.40,77.19,60,93.75
cfd,193K,42,cuda_compute_step_factor,814516129.03,54.17,16758,1203677035.33,54.17,13888,16.58,14162.42,24.29,12.81,192,1008,20,0,0,0,193536,1.26,32,14,32,10,45.31,70.80,60,93.75
cfd,193K,43,cuda_compute_flux,853592652.62,42.36,74927,1260309742.48,43.72,59232,43.72,68424.73,31.00,33.98,192,1008,60,0,0,0,193536,2.52,32,5,32,10,25.60,40.01,30,46.88
cfd,193K,44,cuda_time_step,809815950.92,76.13,25158,1203220858.90,76.13,20864,25.23,20305.31,6.07,16.38,192,1008,22,0,0,0,193536,1.26,32,14,32,10,50.01,78.14,60,93.75
cfd,193K,45,cuda_compute_flux,860065466.45,42.46,74809,1269989429.90,43.56,58656,43.56,68192.99,30.46,34.36,192,1008,60,0,0,0,193536,2.52,32,5,32,10,25.77,40.26,30,46.88
cfd,193K,46,cuda_time_step,892172523.96,72.16,26655,1327476038.34,72.16,20032,23.81,20713.29,5.74,16.06,192,1008,22,0,0,0,193536,1.26,32,14,32,10,48.52,75.81,60,93.75
cfd,193K,47,cuda_compute_flux,870370370.37,41.86,75856,1285766158.32,43.02,58752,43.02,67817.24,29.85,34.75,192,1008,60,0,0,0,193536,2.52,32,5,32,10,25.99,40.61,30,46.88
cfd,193K,48,cuda_time_step,839033018.87,75.42,25443,1246568723.79,75.42,20352,24.93,20922.05,6.00,15.90,192,1008,22,0,0,0,193536,1.26,32,14,32,10,47.91,74.86,60,93.75
cfd,193K,49,cuda_compute_step_factor,754385964.91,55.60,16314,1114971673.98,55.60,14592,17.03,13419.46,24.43,13.52,192,1008,20,0,0,0,193536,1.26,32,14,32,10,45.22,70.65,60,93.75
cfd,193K,50,cuda_compute_flux,846839546.19,42.65,74348,1250467089.86,43.95,59232,43.95,68196.94,30.69,34.37,192,1008,60,0,0,0,193536,2.52,32,5,32,10,26.01,40.65,30,46.88
cfd,193K,51,cuda_time_step,833333333.33,73.07,26228,1238746843.43,73.07,21120,24.18,21071.56,5.82,15.79,192,1008,22,0,0,0,193536,1.26,32,14,32,10,49.71,77.68,60,93.75
cfd,193K,52,cuda_compute_flux,810606060.61,43.11,73630,1197075822.88,44.36,61248,44.36,67917.74,30.55,34.32,192,1008,60,0,0,0,193536,2.52,32,5,32,10,25.98,40.59,30,46.88
cfd,193K,53,cuda_time_step,844090202.18,74.10,25861,1253855624.68,74.10,20576,24.51,20767.62,5.90,16.02,192,1008,22,0,0,0,193536,1.26,32,14,32,10,49.26,76.97,60,93.75
cfd,193K,54,cuda_compute_flux,838405036.73,41.85,75853,1237861796.08,43.08,60992,43.08,68459.89,29.48,34.21,192,1008,60,0,0,0,193536,2.52,32,5,32,10,25.87,40.42,30,46.88
cfd,193K,55,cuda_time_step,851968503.94,74.45,25796,1266551837.27,74.45,20320,24.57,20782.20,5.92,16.01,192,1008,22,0,0,0,193536,1.26,32,14,32,10,48.00,75.01,60,93.75
cfd,193K,56,cuda_compute_step_factor,852163461.54,53.77,16826,1260441706.73,53.77,13312,16.51,13340.76,23.46,13.60,192,1008,20,0,0,0,193536,1.26,32,14,32,10,45.21,70.64,60,93.75
cfd,193K,57,cuda_compute_flux,859349482.85,42.35,74871,1269132190.17,43.69,58784,43.69,67446.38,30.21,34.75,192,1008,60,0,0,0,193536,2.52,32,5,32,10,25.77,40.27,30,46.88
cfd,193K,58,cuda_time_step,817073170.73,75.02,25549,1213621061.99,75.02,20992,24.82,20658.80,5.98,16.10,192,1008,22,0,0,0,193536,1.26,32,14,32,10,48.43,75.67,60,93.75
cfd,193K,59,cuda_compute_flux,862660944.21,41.61,76345,1274884880.19,43.00,59648,43.00,67569.89,29.12,34.85,192,1008,60,0,0,0,193536,2.52,32,5,32,10,25.85,40.39,30,46.88
cfd,193K,60,cuda_time_step,840059790.73,71.90,26800,1249135837.07,71.90,21408,23.65,20819.70,5.69,15.98,192,1008,22,0,0,0,193536,1.26,32,14,32,10,48.32,75.49,60,93.75
cfd,193K,61,cuda_compute_flux,822555205.05,42.83,74229,1214678080.09,44.07,60864,44.07,67342.73,29.79,34.74,192,1008,60,0,0,0,193536,2.52,32,5,32,10,25.75,40.23,30,46.88
cfd,193K,62,cuda_time_step,848974164.13,71.86,26645,1262110562.31,71.86,21056,23.80,20856.22,5.73,15.95,192,1008,22,0,0,0,193536,1.26,32,14,32,10,48.05,75.08,60,93.75
cfd,193K,63,cuda_compute_step_factor,826291079.81,54.23,16718,1222968016.43,54.23,13632,16.61,13921.48,23.20,13.03,192,1008,20,0,0,0,193536,1.26,32,14,32,10,45.91,71.73,60,93.75
cfd,193K,64,cuda_compute_flux,834299262.38,42.22,75203,1232758715.31,43.36,60736,43.36,66899.19,29.65,35.14,192,1008,60,0,0,0,193536,2.52,32,5,32,10,26.10,40.78,30,46.88
cfd,193K,65,cuda_time_step,844077961.02,71.45,26853,1255583145.93,71.45,21344,23.61,20547.74,5.69,16.19,192,1008,22,0,0,0,193536,1.26,32,14,32,10,48.53,75.82,60,93.75
cfd,193K,66,cuda_compute_flux,871335504.89,41.70,76204,1287360319.40,42.84,58944,42.84,67338.20,28.88,34.95,192,1008,60,0,0,0,193536,2.52,32,5,32,10,25.90,40.47,30,46.88
cfd,193K,67,cuda_time_step,823208722.74,75.99,25198,1223633826.58,75.99,20544,25.15,20636.11,6.06,16.12,192,1008,22,0,0,0,193536,1.26,32,14,32,10,48.74,76.16,60,93.75
cfd,193K,68,cuda_compute_flux,840563991.32,43.18,73545,1241470083.15,44.64,59008,44.64,67749.14,29.78,34.48,192,1008,60,0,0,0,193536,2.52,32,5,32,10,25.93,40.51,30,46.88
cfd,193K,69,cuda_time_step,804675716.44,75.44,25432,1195889894.42,75.44,21216,24.94,21510.70,6.00,15.46,192,1008,22,0,0,0,193536,1.26,32,14,32,10,50.10,78.28,60,93.75
cfd,193K,70,cuda_compute_step_factor,801349765.26,56.10,16170,1183294209.70,56.10,13632,17.17,13159.80,23.72,13.79,192,1008,20,0,0,0,193536,1.26,32,14,32,10,45.37,70.90,60,93.75
cfd,193K,71,cuda_compute_flux,861597374.18,42.50,74736,1272574193.11,43.50,58496,43.50,67630.80,29.57,34.68,192,1008,60,0,0,0,193536,2.52,32,5,32,10,25.97,40.58,30,46.88
cfd,193K,72,cuda_time_step,870400000,74.08,25950,1294716666.67,74.08,20000,24.43,20621.83,5.88,16.13,192,1008,22,0,0,0,193536,1.26,32,14,32,10,48.87,76.35,60,93.75
cfd,193K,73,cuda_compute_flux,848419925.01,42.22,75147,1252945902.52,43.47,59744,43.47,67111.10,29.02,34.73,192,1008,60,0,0,0,193536,2.52,32,5,32,10,25.94,40.54,30,46.88
cfd,193K,74,cuda_time_step,824806201.55,75.57,25371,1226671511.63,75.57,20640,25.00,20892.81,6.02,15.92,192,1008,22,0,0,0,193536,1.26,32,14,32,10,47.89,74.83,60,93.75
cfd,193K,75,cuda_compute_flux,853424657.53,43.02,73903,1260376712.33,44.33,58400,44.33,66472.23,29.40,35.15,192,1008,60,0,0,0,193536,2.52,32,5,32,10,25.92,40.50,30,46.88
cfd,193K,76,cuda_time_step,882126348.23,70.24,27280,1311336350.80,70.24,20768,23.25,20742.97,5.59,16.04,192,1008,22,0,0,0,193536,1.26,32,14,32,10,48.98,76.54,60,93.75
cfd,193K,77,cuda_compute_step_factor,797482837.53,54.86,16526,1178978356.22,54.86,13984,16.80,13752.27,22.92,13.19,192,1008,20,0,0,0,193536,1.26,32,14,32,10,46.13,72.08,60,93.75
cfd,193K,78,cuda_compute_flux,841031149.30,42.74,74289,1241281216.43,43.98,59584,43.98,67691.07,29.49,34.75,192,1008,60,0,0,0,193536,2.52,32,5,32,10,25.98,40.60,30,46.88
cfd,193K,79,cuda_time_step,860643185.30,71.79,26801,1279654798.37,71.79,20896,23.67,20623.59,5.69,16.13,192,1008,22,0,0,0,193536,1.26,32,14,32,10,48.41,75.64,60,93.75
cfd,193K,80,cuda_compute_flux,838527673.29,42.87,74029,1238007679.56,44.23,59552,44.23,66656.81,29.27,35.06,192,1008,60,0,0,0,193536,2.52,32,5,32,10,25.97,40.58,30,46.88
cfd,193K,81,cuda_time_step,847417840.38,74.37,25800,1258819118.41,74.37,20448,24.57,20570.29,5.92,16.17,192,1008,22,0,0,0,193536,1.26,32,14,32,10,49.00,76.55,60,93.75
cfd,193K,82,cuda_compute_flux,823869610.94,42.68,74353,1216729100.95,44.00,60864,44.00,66693.85,29.03,35.19,192,1008,60,0,0,0,193536,2.52,32,5,32,10,26.05,40.71,30,46.88
cfd,193K,83,cuda_time_step,865740740.74,71.72,26753,1287077224.79,71.72,20736,23.72,21214.78,5.71,15.68,192,1008,22,0,0,0,193536,1.26,32,14,32,10,47.21,73.76,60,93.75
cfd,193K,84,cuda_compute_step_factor,816546762.59,55.99,16147,1207284172.66,55.99,13344,17.19,13170.88,23.36,13.78,192,1008,20,0,0,0,193536,1.26,32,14,32,10,45.22,70.65,60,93.75
cfd,193K,85,cuda_compute_flux,864917127.07,42.80,74294,1277653084.71,43.96,57920,43.96,66778.20,29.36,34.98,192,1008,60,0,0,0,193536,2.52,32,5,32,10,25.98,40.59,30,46.88
cfd,193K,86,cuda_time_step,865116279.07,71.90,26605,1285965762.27,71.90,20640,23.85,20717.61,5.74,16.06,192,1008,22,0,0,0,193536,1.26,32,14,32,10,48.10,75.16,60,93.75
cfd,193K,87,cuda_compute_flux,864521362.90,41.87,75878,1277120515.59,42.94,59168,42.94,67090.56,28.38,35.09,192,1008,60,0,0,0,193536,2.52,32,5,32,10,25.70,40.15,30,46.88
cfd,193K,88,cuda_time_step,878274268.10,70.54,27193,1306970659.99,70.54,20768,23.31,20558.01,5.61,16.18,192,1008,22,0,0,0,193536,1.26,32,14,32,10,48.65,76.01,60,93.75
cfd,193K,89,cuda_compute_flux,851524554.78,42.42,74904,1258092170.35,43.33,59296,43.33,67024.71,28.67,34.81,192,1008,60,0,0,0,193536,2.52,32,5,32,10,25.74,40.23,30,46.88
cfd,193K,90,cuda_time_step,841600000,76.56,25057,1249916666.67,76.56,20000,25.29,20788.45,6.09,16.00,192,1008,22,0,0,0,193536,1.26,32,14,32,10,48.28,75.43,60,93.75
cfd,193K,91,cuda_compute_step_factor,796082949.31,55.46,16393,1177455357.14,55.46,13888,16.93,13438.14,22.79,13.50,192,1008,20,0,0,0,193536,1.26,32,14,32,10,44.78,69.97,60,93.75
cfd,193K,92,cuda_compute_flux,867997781.48,42.78,74258,1281801742.47,44.04,57696,44.04,67267.24,29.15,34.93,192,1008,60,0,0,0,193536,2.52,32,5,32,10,26.00,40.63,30,46.88
cfd,193K,93,cuda_time_step,812873134.33,73.99,25989,1209064054.73,73.99,21440,24.40,20848.99,5.87,15.95,192,1008,22,0,0,0,193536,1.26,32,14,32,10,47.85,74.77,60,93.75
cfd,193K,94,cuda_compute_flux,812793733.68,43.00,73908,1201022628.37,44.18,61280,44.18,65947.24,28.98,35.24,192,1008,60,0,0,0,193536,2.52,32,5,32,10,26.05,40.70,30,46.88
cfd,193K,95,cuda_time_step,780058651.03,75.80,25383,1160198252.69,75.80,21824,25.00,20772.03,6.01,16.01,192,1008,22,0,0,0,193536,1.26,32,14,32,10,48.29,75.46,60,93.75
cfd,193K,96,cuda_compute_flux,834437533.80,43.41,73175,1231704637.64,44.66,59168,44.66,66761.45,29.19,35.10,192,1008,60,0,0,0,193536,2.52,32,5,32,10,25.88,40.43,30,46.88
cfd,193K,97,cuda_time_step,803303303.30,75.19,25478,1192739614.61,75.19,21312,24.87,20932.53,5.99,15.89,192,1008,22,0,0,0,193536,1.26,32,14,32,10,47.56,74.32,60,93.75
cfd,193K,98,cuda_compute_step_factor,849642004.77,53.36,16919,1258601829.75,53.36,13408,16.41,13657.88,21.94,13.28,192,1008,20,0,0,0,193536,1.26,32,14,32,10,45.12,70.50,60,93.75
cfd,193K,99,cuda_compute_flux,837560712.36,43.16,73608,1237447157.76,44.57,59296,44.57,67141.07,29.21,34.89,192,1008,60,0,0,0,193536,2.52,32,5,32,10,25.69,40.15,30,46.88
cfd,missile0.2M,0,cuda_compute_step_factor,764529058.12,58.85,18106,1131606963.93,58.85,15968,18.43,15575.33,30.39,14.01,192,1212,20,0,0,0,232704,1.52,32,14,32,10,47.20,73.75,60,93.75
cfd,missile0.2M,1,cuda_compute_flux,840501792.11,42.86,89105,1243382243.13,42.86,71424,42.27,77884.81,34.86,34.47,192,1212,60,0,0,0,232704,3.03,32,5,32,10,27.66,43.22,30,46.88
cfd,missile0.2M,2,cuda_time_step,844460227.27,79.76,28384,1257065281.72,79.76,22528,26.87,24299.01,6.46,16.46,192,1212,22,0,0,0,232704,1.52,32,14,32,10,49.03,76.62,60,93.75
cfd,missile0.2M,3,cuda_compute_flux,868960549.65,40.99,93067,1285255522.31,40.99,72192,40.88,81980.59,36.32,33.32,192,1212,60,0,0,0,232704,3.03,32,5,32,10,27.44,42.87,30,46.88
cfd,missile0.2M,4,cuda_time_step,816689466.48,79.61,28469,1214161536.71,79.61,23392,26.78,23711.39,6.44,16.87,192,1212,22,0,0,0,232704,1.52,32,14,32,10,50.59,79.05,60,93.75
cfd,missile0.2M,5,cuda_compute_flux,876358695.65,41.52,91866,1295445538.95,41.52,70656,41.19,79983.21,34.71,34.34,192,1212,60,0,0,0,232704,3.03,32,5,32,10,27.36,42.74,30,46.88
cfd,missile0.2M,6,cuda_time_step,834187158.47,77.65,29110,1239853711.29,77.65,23424,26.18,24663.44,6.30,16.22,192,1212,22,0,0,0,232704,1.52,32,14,32,10,48.31,75.48,60,93.75
cfd,missile0.2M,7,cuda_compute_step_factor,762845849.80,58.91,18292,1126852766.80,58.91,16192,18.25,16400.79,31.10,13.30,192,1212,20,0,0,0,232704,1.52,32,14,32,10,47.89,74.83,60,93.75
cfd,missile0.2M,8,cuda_compute_flux,866148926.45,42.38,90088,1280995412.67,42.38,70048,42.30,79517.30,35.31,34.28,192,1212,60,0,0,0,232704,3.03,32,5,32,10,27.33,42.70,30,46.88
cfd,missile0.2M,9,cuda_time_step,816326530.61,79.11,28627,1214597505.67,79.11,23520,26.62,24348.74,6.41,16.43,192,1212,22,0,0,0,232704,1.52,32,14,32,10,49.74,77.71,60,93.75
cfd,missile0.2M,10,cuda_compute_flux,870059064.06,41.98,90997,1287004959.87,42.04,70432,42.04,79623.23,34.56,34.12,192,1212,60,0,0,0,232704,3.03,32,5,32,10,27.23,42.54,30,46.88
cfd,missile0.2M,11,cuda_time_step,866666666.67,77.48,29147,1289095744.68,77.48,22560,26.14,24625.24,6.29,16.24,192,1212,22,0,0,0,232704,1.52,32,14,32,10,50.25,78.51,60,93.75
cfd,missile0.2M,12,cuda_compute_flux,860581289.74,42.43,90038,1272559983.35,42.43,70464,42.20,79203.07,34.39,34.51,192,1212,60,0,0,0,232704,3.03,32,5,32,10,27.30,42.66,30,46.88
cfd,missile0.2M,13,cuda_time_step,825377747.25,78.51,28659,1226898752.29,78.51,23296,26.62,24693.95,6.41,16.20,192,1212,22,0,0,0,232704,1.52,32,14,32,10,48.53,75.83,60,93.75
cfd,missile0.2M,14,cuda_compute_step_factor,809917355.37,57.57,18569,1195452393.25,57.57,15488,17.99,15842.77,29.68,13.77,192,1212,20,0,0,0,232704,1.52,32,14,32,10,47.53,74.27,60,93.75
cfd,missile0.2M,15,cuda_compute_flux,852241537.05,43.16,88433,1259456484.45,43.16,69952,42.94,79568.76,34.99,34.09,192,1212,60,0,0,0,232704,3.03,32,5,32,10,27.28,42.63,30,46.88
cfd,missile0.2M,16,cuda_time_step,843750000.00,77.83,28966,1254188368.06,77.83,23040,26.30,24642.34,6.33,16.23,192,1212,22,0,0,0,232704,1.52,32,14,32,10,48.89,76.39,60,93.75
cfd,missile0.2M,17,cuda_compute_flux,854779411.76,43.21,88326,1263284122.24,43.21,69632,42.80,80504.60,34.50,33.74,192,1212,60,0,0,0,232704,3.03,32,5,32,10,27.15,42.42,30,46.88
cfd,missile0.2M,18,cuda_time_step,845902203.86,77.03,29298,1258164026.63,77.03,23232,26.02,24243.12,6.26,16.50,192,1212,22,0,0,0,232704,1.52,32,14,32,10,50.35,78.66,60,93.75
cfd,missile0.2M,19,cuda_compute_flux,861766065.65,43.05,88508,1274055131.76,43.05,69216,42.97,78518.80,34.08,34.63,192,1212,60,0,0,0,232704,3.03,32,5,32,10,27.33,42.71,30,46.88
cfd,missile0.2M,20,cuda_time_step,852773826.46,78.92,28585,1267603129.45,78.92,22496,26.66,24185.12,6.42,16.54,192,1212,22,0,0,0,232704,1.52,32,14,32,10,48.96,76.50,60,93.75
cfd,missile0.2M,21,cuda_compute_step_factor,823513800.42,58.30,18375,1215620576.79,58.30,15072,18.17,15691.16,29.08,13.90,192,1212,20,0,0,0,232704,1.52,32,14,32,10,47.39,74.04,60,93.75
cfd,missile0.2M,22,cuda_compute_flux,855712335.00,42.73,89279,1265037077.07,42.73,70304,42.36,78430.77,33.73,34.64,192,1212,60,0,0,0,232704,3.03,32,5,32,10,27.31,42.68,30,46.88
cfd,missile0.2M,23,cuda_time_step,804878048.78,79.75,28311,1195961777.33,79.75,23616,26.90,24423.90,6.47,16.38,192,1212,22,0,0,0,232704,1.52,32,14,32,10,48.65,76.01,60,93.75
cfd,missile0.2M,24,cuda_compute_flux,874305555.56,42.55,89647,1292086226.85,42.55,69120,42.48,78430.88,33.19,34.76,192,1212,60,0,0,0,232704,3.03,32,5,32,10,27.29,42.63,30,46.88
cfd,missile0.2M,25,cuda_time_step,785832232.50,79.20,28346,1166990037.43,79.20,24224,26.89,24156.34,6.47,16.56,192,1212,22,0,0,0,232704,1.52,32,14,32,10,49.50,77.34,60,93.75
cfd,missile0.2M,26,cuda_compute_flux,856316520.13,43.41,87821,1265246606.51,43.41,69152,43.33,77920.74,33.57,34.74,192,1212,60,0,0,0,232704,3.03,32,5,32,10,27.27,42.60,30,46.88
cfd,missile0.2M,27,cuda_time_step,842068965.52,77.50,29119,1252033045.98,77.50,23200,26.19,23917.03,6.30,16.72,192,1212,22,0,0,0,232704,1.52,32,14,32,10,51.09,79.83,60,93.75
cfd,missile0.2M,28,cuda_compute_step_factor,767676767.68,59.35,18000,1133396464.65,59.35,15840,18.54,15769.46,29.19,13.83,192,1212,20,0,0,0,232704,1.52,32,14,32,10,47.22,73.78,60,93.75
cfd,missile0.2M,29,cuda_compute_flux,861478644.38,43.31,88135,1273979127.98,43.31,68928,43.15,78364.39,33.67,34.56,192,1212,60,0,0,0,232704,3.03,32,5,32,10,27.32,42.69,30,46.88
cfd,missile0.2M,30,cuda_time_step,857272069.46,79.91,28237,1273961348.29,79.91,22112,26.98,24552.08,6.49,16.29,192,1212,22,0,0,0,232704,1.52,32,14,32,10,48.85,76.32,60,93.75
cfd,missile0.2M,31,cuda_compute_flux,864833098.26,43.69,87296,1278140181.79,43.70,68064,43.70,77461.94,33.41,35.20,192,1212,60,0,0,0,232704,3.03,32,5,32,10,27.23,42.55,30,46.88
cfd,missile0.2M,32,cuda_time_step,834992887.62,80.71,27963,1239872273.59,80.71,22496,27.24,24526.81,6.56,16.31,192,1212,22,0,0,0,232704,1.52,32,14,32,10,48.65,76.01,60,93.75
cfd,missile0.2M,33,cuda_compute_flux,855125523.01,43.71,87238,1263852568.57,43.71,68832,43.53,77873.95,33.16,34.81,192,1212,60,0,0,0,232704,3.03,32,5,32,10,27.26,42.59,30,46.88
cfd,missile0.2M,34,cuda_time_step,860199714.69,78.47,28737,1277750534.95,78.47,22432,26.52,24884.79,6.38,16.07,192,1212,22,0,0,0,232704,1.52,32,14,32,10,48.23,75.36,60,93.75
cfd,missile0.2M,35,cuda_compute_step_factor,797955974.84,59.15,18021,1176930468.20,59.15,15264,18.54,15697.52,28.49,13.90,192,1212,20,0,0,0,232704,1.52,32,14,32,10,47.14,73.65,60,93.75
cfd,missile0.2M,36,cuda_compute_flux,873641946.15,43.45,87758,1291100810.90,43.45,67744,43.34,76966.07,33.11,35.37,192,1212,60,0,0,0,232704,3.03,32,5,32,10,27.29,42.64,30,46.88
cfd,missile0.2M,37,cuda_time_step,834733893.56,79.74,28433,1241312149.86,79.74,22848,26.79,24158.53,6.45,16.56,192,1212,22,0,0,0,232704,1.52,32,14,32,10,49.46,77.28,60,93.75
cfd,missile0.2M,38,cuda_compute_flux,866870876.53,43.74,87349,1281301543.36,43.74,67904,43.34,76545.56,32.90,35.48,192,1212,60,0,0,0,232704,3.03,32,5,32,10,27.30,42.65,30,46.88
cfd,missile0.2M,39,cuda_time_step,838709677.42,79.12,28517,1247129207.57,79.12,22816,26.73,24554.69,6.43,16.29,192,1212,22,0,0,0,232704,1.52,32,14,32,10,49.14,76.78,60,93.75
cfd,missile0.2M,40,cuda_compute_flux,843793584.38,44.30,86156,1247268712.23,44.30,68832,44.10,78014.52,33.10,34.72,192,1212,60,0,0,0,232704,3.03,32,5,32,10,27.27,42.62,30,46.88
cfd,missile0.2M,41,cuda_time_step,875702247.19,76.08,29721,1301812675.56,76.08,22784,25.65,24394.59,6.17,16.40,192,1212,22,0,0,0,232704,1.52,32,14,32,10,49.05,76.64,60,93.75
cfd,missile0.2M,42,cuda_compute_step_factor,811578947.37,58.50,18266,1198717105.26,58.50,15200,18.29,15668.51,27.67,13.92,192,1212,20,0,0,0,232704,1.52,32,14,32,10,47.48,74.19,60,93.75
cfd,missile0.2M,43,cuda_compute_flux,878967314.07,43.32,88098,1300139152.06,43.32,67552,43.05,77336.69,32.54,35.01,192,1212,60,0,0,0,232704,3.03,32,5,32,10,27.19,42.48,30,46.88
cfd,missile0.2M,44,cuda_time_step,842398884.24,78.31,28800,1252382612.74,78.31,22944,26.46,24528.50,6.36,16.31,192,1212,22,0,0,0,232704,1.52,32,14,32,10,50.22,78.47,60,93.75
cfd,missile0.2M,45,cuda_compute_flux,859463276.84,44.05,86624,1270006964.06,44.05,67968,44.03,77173,32.65,35.11,192,1212,60,0,0,0,232704,3.03,32,5,32,10,27.28,42.62,30,46.88
cfd,missile0.2M,46,cuda_time_step,816939890.71,79.00,28532,1214929132.51,79.00,23424,26.70,24258.35,6.43,16.49,192,1212,22,0,0,0,232704,1.52,32,14,32,10,49.07,76.67,60,93.75
cfd,missile0.2M,47,cuda_compute_flux,862152286.66,43.98,86865,1274882622.19,43.98,67872,43.70,77008.85,32.37,35.17,192,1212,60,0,0,0,232704,3.03,32,5,32,10,27.30,42.66,30,46.88
cfd,missile0.2M,48,cuda_time_step,823611111.11,79.95,28253,1223227719.91,79.95,23040,26.96,24394.88,6.49,16.40,192,1212,22,0,0,0,232704,1.52,32,14,32,10,48.46,75.72,60,93.75
cfd,missile0.2M,49,cuda_compute_step_factor,826881720.43,58.50,18208,1219713261.65,58.50,14880,18.35,15644.79,27.25,13.94,192,1212,20,0,0,0,232704,1.52,32,14,32,10,47.18,73.72,60,93.75
cfd,missile0.2M,50,cuda_compute_flux,875471698.11,43.39,88100,1294010416.67,43.39,67840,43.12,77186.48,32.05,35.13,192,1212,60,0,0,0,232704,3.03,32,5,32,10,27.26,42.59,30,46.88
cfd,missile0.2M,51,cuda_time_step,872159090.91,77.12,29276,1296445904.36,77.12,22528,26.05,24184.58,6.27,16.54,192,1212,22,0,0,0,232704,1.52,32,14,32,10,49.26,76.96,60,93.75
cfd,missile0.2M,52,cuda_compute_flux,849860982.39,43.87,87150,1256417496.91,43.87,69056,43.63,76749.73,32.08,35.24,192,1212,60,0,0,0,232704,3.03,32,5,32,10,27.28,42.63,30,46.88
cfd,missile0.2M,53,cuda_time_step,850000000,78.58,28759,1262866784.04,78.58,22720,26.49,23860.70,6.37,16.76,192,1212,22,0,0,0,232704,1.52,32,14,32,10,50.25,78.51,60,93.75
cfd,missile0.2M,54,cuda_compute_flux,850236966.82,44.70,85193,1256459814.38,44.70,67520,44.31,77129.88,32.62,35.08,192,1212,60,0,0,0,232704,3.03,32,5,32,10,27.33,42.70,30,46.88
cfd,missile0.2M,55,cuda_time_step,831491712.71,78.60,28678,1234835405.16,78.60,23168,26.56,24395.92,6.39,16.39,192,1212,22,0,0,0,232704,1.52,32,14,32,10,48.66,76.04,60,93.75
cfd,missile0.2M,56,cuda_compute_step_factor,828663793.10,58.74,18228,1223902209.05,58.74,14848,18.31,15641.73,26.93,13.95,192,1212,20,0,0,0,232704,1.52,32,14,32,10,46.71,72.98,60,93.75
cfd,missile0.2M,57,cuda_compute_flux,838207985.14,44.53,85670,1238096274.37,44.53,68928,44.45,77195.05,32.68,34.94,192,1212,60,0,0,0,232704,3.03,32,5,32,10,27.09,42.32,30,46.88
cfd,missile0.2M,58,cuda_time_step,876955903.27,77.10,29391,1303313181.60,77.10,22496,25.92,24539.56,6.24,16.30,192,1212,22,0,0,0,232704,1.52,32,14,32,10,48.38,75.59,60,93.75
cfd,missile0.2M,59,cuda_compute_flux,844439230.41,44.64,85405,1247475265.92,44.64,68192,44.60,76242.34,32.34,35.58,192,1212,60,0,0,0,232704,3.03,32,5,32,10,27.26,42.59,30,46.88
cfd,missile0.2M,60,cuda_time_step,822268326.42,79.58,28332,1221249711.85,79.58,23136,26.91,24575.75,6.47,16.27,192,1212,22,0,0,0,232704,1.52,32,14,32,10,48.28,75.44,60,93.75
cfd,missile0.2M,61,cuda_compute_flux,856330014.22,44.49,85718,1265318772.72,44.49,67488,44.49,76735.38,32.05,35.23,192,1212,60,0,0,0,232704,3.03,32,5,32,10,27.32,42.69,30,46.88
cfd,missile0.2M,62,cuda_time_step,849137931.03,80.11,28171,1262107878.35,80.11,22272,27.06,24311.33,6.51,16.45,192,1212,22,0,0,0,232704,1.52,32,14,32,10,49.42,77.22,60,93.75
cfd,missile0.2M,63,cuda_compute_step_factor,783505154.64,59.07,18023,1158140034.36,59.07,15520,18.53,15441.56,26.80,14.13,192,1212,20,0,0,0,232704,1.52,32,14,32,10,47.14,73.65,60,93.75
cfd,missile0.2M,64,cuda_compute_flux,873556998.56,44.27,86281,1292110088.99,44.27,66528,43.89,76380.96,32.02,35.49,192,1212,60,0,0,0,232704,3.03,32,5,32,10,27.36,42.75,30,46.88
cfd,missile0.2M,65,cuda_time_step,822195290.86,79.61,28314,1222140466.30,79.61,23104,26.92,24453.11,6.48,16.36,192,1212,22,0,0,0,232704,1.52,32,14,32,10,48.67,76.05,60,93.75
cfd,missile0.2M,66,cuda_compute_flux,841238317.76,44.69,85459,1243348422.90,44.69,68480,44.36,76139.27,31.99,35.54,192,1212,60,0,0,0,232704,3.03,32,5,32,10,27.31,42.68,30,46.88
cfd,missile0.2M,67,cuda_time_step,836122733.61,78.89,28591,1243135460.25,78.89,22944,26.65,24534.62,6.41,16.30,192,1212,22,0,0,0,232704,1.52,32,14,32,10,48.39,75.60,60,93.75
cfd,missile0.2M,68,cuda_compute_flux,875725338.49,44.42,86022,1294633502.58,44.42,66176,43.79,76135.04,31.65,35.41,192,1212,60,0,0,0,232704,3.03,32,5,32,10,27.22,42.53,30,46.88
cfd,missile0.2M,69,cuda_time_step,847457627.12,79.02,28600,1259055732.11,79.02,22656,26.66,24018.81,6.41,16.65,192,1212,22,0,0,0,232704,1.52,32,14,32,10,50.43,78.79,60,93.75
cfd,missile0.2M,70,cuda_compute_step_factor,804852320.68,58.98,18062,1187082454.29,58.98,15168,18.49,15455.73,26.58,14.12,192,1212,20,0,0,0,232704,1.52,32,14,32,10,46.69,72.96,60,93.75
cfd,missile0.2M,71,cuda_compute_flux,843925233.64,44.50,85746,1247729264.02,44.52,68480,44.52,76043.59,31.99,35.70,192,1212,60,0,0,0,232704,3.03,32,5,32,10,27.35,42.73,30,46.88
cfd,missile0.2M,72,cuda_time_step,840267983.07,79.53,28397,1248214915.37,79.53,22688,26.83,24550.80,6.46,16.29,192,1212,22,0,0,0,232704,1.52,32,14,32,10,49.17,76.83,60,93.75
cfd,missile0.2M,73,cuda_compute_flux,856472569.78,45.15,84550,1266048584.38,45.15,66496,44.81,77147.81,32.05,35.10,192,1212,60,0,0,0,232704,3.03,32,5,32,10,27.36,42.75,30,46.88
cfd,missile0.2M,74,cuda_time_step,837912087.91,77.76,29088,1245464171.25,77.76,23296,26.21,24299.05,6.30,16.46,192,1212,22,0,0,0,232704,1.52,32,14,32,10,49.19,76.86,60,93.75
cfd,missile0.2M,75,cuda_compute_flux,842791411.04,45.02,84761,1244285335.06,45.02,67808,44.70,75785.69,31.84,35.69,192,1212,60,0,0,0,232704,3.03,32,5,32,10,27.32,42.69,30,46.88
cfd,missile0.2M,76,cuda_time_step,864672364.67,78.17,28915,1283809651.00,78.17,22464,26.35,23707.76,6.34,16.87,192,1212,22,0,0,0,232704,1.52,32,14,32,10,50.89,79.52,60,93.75
cfd,missile0.2M,77,cuda_compute_step_factor,832613390.93,58.47,18271,1230021598.27,58.47,14816,18.25,15690.29,25.90,13.90,192,1212,20,0,0,0,232704,1.52,32,14,32,10,47.55,74.30,60,93.75
cfd,missile0.2M,78,cuda_compute_flux,881101981.63,44.08,86623,1302982016.27,44.08,66208,43.80,76391.06,31.33,35.57,192,1212,60,0,0,0,232704,3.03,32,5,32,10,27.28,42.62,30,46.88
cfd,missile0.2M,79,cuda_time_step,828947368.42,79.37,28539,1231886253.46,79.37,23104,26.70,23901.11,6.42,16.73,192,1212,22,0,0,0,232704,1.52,32,14,32,10,51.28,80.12,60,93.75
cfd,missile0.2M,80,cuda_compute_flux,867978876.62,44.47,85857,1283062790.05,44.47,66656,44.15,75955.21,31.30,35.51,192,1212,60,0,0,0,232704,3.03,32,5,32,10,27.30,42.65,30,46.88
cfd,missile0.2M,81,cuda_time_step,856837606.84,78.77,28690,1273808463.91,78.77,22464,26.56,24450.09,6.39,16.36,192,1212,22,0,0,0,232704,1.52,32,14,32,10,48.42,75.66,60,93.75
cfd,missile0.2M,82,cuda_compute_flux,849797907.75,44.97,84820,1255332164.37,44.97,67296,44.83,75846.02,31.55,35.66,192,1212,60,0,0,0,232704,3.03,32,5,32,10,27.34,42.73,30,46.88
cfd,missile0.2M,83,cuda_time_step,815172413.79,80.20,28145,1209992816.09,80.20,23200,27.09,24308.71,6.51,16.45,192,1212,22,0,0,0,232704,1.52,32,14,32,10,50.09,78.26,60,93.75
cfd,missile0.2M,84,cuda_compute_step_factor,835643015.52,59.98,17834,1232388673.32,59.98,14432,18.72,15656.34,26.31,13.93,192,1212,20,0,0,0,232704,1.52,32,14,32,10,47.39,74.05,60,93.75
cfd,missile0.2M,85,cuda_compute_flux,866925837.32,44.35,85932,1280208333.33,44.35,66880,44.07,76189.40,31.37,35.56,192,1212,60,0,0,0,232704,3.03,32,5,32,10,27.14,42.41,30,46.88
cfd,missile0.2M,86,cuda_time_step,966869627.51,70.19,32204,1438201408.79,70.19,22336,23.68,24130.04,5.69,16.58,192,1212,22,0,0,0,232704,1.52,32,14,32,10,49.58,77.46,60,93.75
cfd,missile0.2M,87,cuda_compute_flux,842401500.94,44.77,85265,1244522944.03,44.77,68224,44.20,75398.05,31.27,35.95,192,1212,60,0,0,0,232704,3.03,32,5,32,10,27.38,42.78,30,46.88
cfd,missile0.2M,88,cuda_time_step,828729281.77,79.27,28597,1231339203.50,79.27,23168,26.65,24410.40,6.41,16.38,192,1212,22,0,0,0,232704,1.52,32,14,32,10,49.54,77.41,60,93.75
cfd,missile0.2M,89,cuda_compute_flux,832256575.91,44.56,85698,1230358790.96,44.56,69344,44.30,75784.15,31.00,35.72,192,1212,60,0,0,0,232704,3.03,32,5,32,10,27.30,42.65,30,46.88
cfd,missile0.2M,90,cuda_time_step,831944444.44,79.00,28569,1237051504.63,79.00,23040,26.67,23964.16,6.42,16.69,192,1212,22,0,0,0,232704,1.52,32,14,32,10,51.16,79.93,60,93.75
cfd,missile0.2M,91,cuda_compute_step_factor,850111856.82,59.41,18014,1255919090.23,59.41,14304,18.54,15934.33,25.73,13.69,192,1212,20,0,0,0,232704,1.52,32,14,32,10,47.62,74.40,60,93.75
cfd,missile0.2M,92,cuda_compute_flux,865147198.48,44.14,86561,1278752176.32,44.14,67392,43.77,76413.62,30.86,35.38,192,1212,60,0,0,0,232704,3.03,32,5,32,10,27.23,42.55,30,46.88
cfd,missile0.2M,93,cuda_time_step,851198871.65,78.70,28750,1263766455.10,78.70,22688,26.52,24419.51,6.38,16.38,192,1212,22,0,0,0,232704,1.52,32,14,32,10,48.98,76.52,60,93.75
cfd,missile0.2M,94,cuda_compute_flux,857619047.62,44.65,85550,1267251984.13,44.65,67200,44.27,75717.95,30.93,35.78,192,1212,60,0,0,0,232704,3.03,32,5,32,10,27.32,42.69,30,46.88
cfd,missile0.2M,95,cuda_time_step,844228094.58,77.94,28917,1253310442.74,77.94,23008,26.35,24845.70,6.34,16.10,192,1212,22,0,0,0,232704,1.52,32,14,32,10,48.64,75.99,60,93.75
cfd,missile0.2M,96,cuda_compute_flux,864643545.28,44.71,85258,1277634774.41,44.71,66432,44.45,75230.85,30.94,35.92,192,1212,60,0,0,0,232704,3.03,32,5,32,10,27.29,42.64,30,46.88
cfd,missile0.2M,97,cuda_time_step,846534653.47,79.26,28557,1258567597.83,79.26,22624,26.68,24709.28,6.42,16.19,192,1212,22,0,0,0,232704,1.52,32,14,32,10,48.62,75.97,60,93.75
cfd,missile0.2M,98,cuda_compute_step_factor,830396475.77,59.93,17893,1227904735.68,59.93,14528,18.67,15340.83,25.72,14.22,192,1212,20,0,0,0,232704,1.52,32,14,32,10,46.75,73.05,60,93.75
cfd,missile0.2M,99,cuda_compute_flux,861898017.00,44.06,86751,1274221946.81,44.06,67776,43.59,75894.54,30.60,35.55,192,1212,60,0,0,0,232704,3.03,32,5,32,10,27.36,42.75,30,46.88
